entity_id,entity_type,year,address
E000000,broker,2013,652 Harbor Ave
E000001,insurer,1993,991 Foundry Rd
E000002,broker,1998,614 Foundry Ave
E000003,insurer,2022,158 Cedar St
E000004,insurer,2021,573 Harbor Rd
E000005,broker,2005,455 Canal Blvd
E000006,firm,2004,448 Foundry Blvd
E000007,lab,2016,666 Foundry St
E000008,insurer,2002,389 Foundry St
E000009,insurer,2007,317 Foundry St
E000010,firm,2021,711 Foundry Ave
E000011,insurer,1994,325 Foundry Blvd
E000012,lab,2024,550 Foundry Rd
E000013,broker,2001,691 Cedar Ave
E000014,lab,1995,777 Foundry Blvd
E000015,broker,2020,887 Harbor Ave
E000016,forwarder,2020,539 Harbor St
E000017,lab,2016,643 Foundry Rd
E000018,firm,2011,968 Cedar St
E000019,lab,2003,985 Quartz St
E000020,lab,2018,196 Foundry St
E000021,firm,2020,770 Cedar Ave
E000022,forwarder,2019,373 Quartz St
E000023,firm,2000,144 Foundry Rd
E000024,lab,1990,342 Harbor Ave
E000025,insurer,1998,667 Harbor St
E000026,lab,2017,415 Canal St
E000027,insurer,1998,456 Quartz Ave
E000028,lab,2007,808 Quartz Blvd
E000029,firm,1990,516 Harbor St
E000030,insurer,2013,518 Quartz St
E000031,forwarder,1993,982 Harbor Rd
E000032,forwarder,2012,718 Canal St
E000033,insurer,2013,67 Foundry St
E000034,insurer,2024,580 Cedar Blvd
E000035,forwarder,2015,245 Cedar Ave
E000036,lab,2016,317 Quartz Rd
E000037,broker,2004,658 Harbor Ave
E000038,firm,2001,494 Canal St
E000039,insurer,1990,592 Canal Rd
E000040,lab,1992,315 Foundry Rd
E000041,insurer,1995,615 Cedar Blvd
E000042,lab,2004,107 Canal Ave
E000043,broker,2007,931 Cedar Rd
E000044,insurer,2023,14 Canal Blvd
E000045,firm,1996,484 Foundry St
E000046,firm,2018,78 Canal Ave
E000047,broker,1991,871 Canal St
E000048,insurer,2014,679 Canal Rd
E000049,forwarder,2017,86 Harbor Ave
E000050,forwarder,2018,995 Foundry Ave
E000051,lab,2011,91 Quartz St
E000052,firm,2014,84 Canal Rd
E000053,broker,2015,709 Canal St
E000054,firm,2000,718 Quartz Ave
E000055,lab,2005,569 Quartz St
E000056,firm,2011,16 Canal St
E000057,broker,1997,803 Quartz Blvd
E000058,broker,2013,645 Foundry Rd
E000059,insurer,2022,397 Cedar Ave
E000060,forwarder,2015,576 Foundry Blvd
E000061,insurer,1998,934 Canal Rd
E000062,firm,1994,603 Harbor St
E000063,lab,2006,512 Harbor Ave
E000064,insurer,2019,131 Cedar Ave
E000065,insurer,1994,555 Cedar Blvd
E000066,lab,2024,352 Harbor Rd
E000067,firm,1998,681 Canal St
E000068,forwarder,2022,731 Canal St
E000069,forwarder,1991,923 Foundry Ave
E000070,insurer,2000,652 Quartz Ave
E000071,broker,2008,118 Cedar Rd
E000072,insurer,2000,774 Cedar St
E000073,firm,1998,292 Cedar Blvd
E000074,firm,2023,14 Quartz Rd
E000075,insurer,2018,139 Foundry Rd
E000076,firm,1999,999 Quartz Ave
E000077,insurer,2007,123 Canal Rd
E000078,lab,1991,42 Foundry St
E000079,forwarder,2012,248 Quartz Ave
E000080,insurer,2001,232 Cedar Ave
E000081,forwarder,2004,46 Quartz Ave
E000082,insurer,1992,491 Harbor St
E000083,broker,2011,283 Foundry Ave
E000084,insurer,2004,219 Cedar St
E000085,firm,1992,115 Canal Blvd
E000086,firm,2007,705 Cedar St
E000087,forwarder,2002,242 Cedar St
E000088,insurer,2015,211 Canal St
E000089,broker,2021,419 Cedar Blvd
E000090,insurer,1996,206 Harbor Blvd
E000091,lab,2002,68 Canal St
E000092,forwarder,2008,509 Foundry Ave
E000093,lab,2012,520 Harbor Ave
E000094,forwarder,2025,204 Harbor Rd
E000095,broker,2006,205 Quartz Rd
E000096,firm,1999,402 Harbor Ave
E000097,insurer,2000,104 Cedar St
E000098,lab,2003,377 Foundry Rd
E000099,insurer,2004,366 Canal Ave
E000100,insurer,2006,396 Quartz Ave
E000101,forwarder,2010,44 Foundry Blvd
E000102,lab,2025,772 Cedar St
E000103,broker,2012,820 Canal Blvd
E000104,forwarder,2016,497 Canal Rd
E000105,lab,2007,779 Canal Ave
E000106,insurer,1991,681 Harbor Ave
E000107,insurer,2010,493 Quartz Ave
E000108,forwarder,2000,10 Harbor Rd
E000109,forwarder,2017,891 Canal Rd
E000110,broker,2012,397 Foundry Blvd
E000111,firm,2006,381 Quartz St
E000112,insurer,2016,592 Quartz Ave
E000113,lab,2009,883 Foundry Blvd
E000114,lab,2007,654 Canal Blvd
E000115,broker,2001,859 Foundry St
E000116,broker,1995,629 Quartz St
E000117,broker,2003,140 Cedar Blvd
E000118,lab,2004,69 Quartz Ave
E000119,forwarder,2021,417 Quartz Ave
E000120,forwarder,2006,897 Foundry Blvd
E000121,forwarder,1990,718 Foundry Rd
E000122,forwarder,2018,175 Cedar Rd
E000123,insurer,2013,890 Harbor Rd
E000124,forwarder,2020,877 Foundry Blvd
E000125,forwarder,1991,975 Canal Rd
E000126,firm,2016,702 Canal St
E000127,forwarder,1990,65 Cedar Ave
E000128,firm,2025,785 Foundry Ave
E000129,insurer,2017,160 Quartz St
E000130,forwarder,2006,951 Foundry Ave
E000131,insurer,2001,910 Cedar Rd
E000132,insurer,2025,40 Foundry Ave
E000133,firm,1998,552 Canal St
E000134,insurer,2000,877 Foundry Rd
E000135,lab,1993,325 Canal Blvd
E000136,firm,2025,817 Cedar St
E000137,forwarder,2004,219 Harbor Blvd
E000138,insurer,1993,116 Foundry Rd
E000139,insurer,2004,306 Cedar Rd
E000140,insurer,2020,461 Harbor St
E000141,broker,2007,24 Canal Blvd
E000142,forwarder,2019,856 Canal Blvd
E000143,broker,1995,521 Foundry St
E000144,insurer,2000,26 Harbor Blvd
E000145,firm,2019,311 Canal St
E000146,broker,1999,790 Foundry Ave
E000147,lab,2004,241 Harbor Blvd
E000148,broker,2013,592 Canal Ave
E000149,lab,2002,510 Harbor Rd
E000150,firm,1997,72 Foundry Rd
E000151,insurer,2023,912 Canal St
E000152,lab,2023,223 Foundry Blvd
E000153,broker,2006,11 Foundry St
E000154,insurer,2006,152 Quartz St
E000155,broker,2000,314 Harbor Blvd
E000156,broker,2024,48 Cedar Ave
E000157,broker,2003,430 Harbor Rd
E000158,broker,2025,555 Harbor Ave
E000159,lab,2024,614 Foundry Blvd
E000160,broker,2013,853 Cedar Blvd
E000161,lab,2012,52 Quartz Ave
E000162,firm,1993,917 Cedar St
E000163,firm,2025,154 Canal Blvd
E000164,insurer,2017,336 Canal St
E000165,firm,2003,367 Foundry Blvd
E000166,insurer,1991,834 Quartz Blvd
E000167,forwarder,2003,734 Canal St
E000168,lab,2018,956 Cedar Ave
E000169,forwarder,2016,200 Cedar St
E000170,insurer,2007,581 Canal St
E000171,lab,1990,381 Quartz Rd
E000172,lab,2018,561 Cedar St
E000173,forwarder,1997,823 Foundry Rd
E000174,lab,2009,209 Canal Rd
E000175,lab,2003,903 Quartz St
E000176,forwarder,1993,764 Harbor Blvd
E000177,firm,2017,605 Cedar Blvd
E000178,forwarder,2002,47 Cedar St
E000179,forwarder,2013,368 Quartz Ave
E000180,broker,2023,25 Foundry Rd
E000181,firm,2015,481 Cedar Blvd
E000182,insurer,2023,410 Harbor Blvd
E000183,firm,2006,41 Foundry Rd
E000184,insurer,2014,813 Canal Blvd
E000185,firm,2016,403 Quartz Ave
E000186,insurer,2007,204 Foundry St
E000187,firm,1999,241 Foundry Blvd
E000188,insurer,1999,795 Canal Rd
E000189,firm,2000,933 Quartz Ave
E000190,broker,2006,280 Quartz St
E000191,broker,2007,321 Foundry St
E000192,broker,1993,167 Foundry Blvd
E000193,insurer,2018,314 Foundry Blvd
E000194,forwarder,2019,16 Canal St
E000195,firm,2017,41 Cedar Rd
E000196,broker,2021,555 Foundry Ave
E000197,lab,2016,223 Canal St
E000198,insurer,2018,291 Foundry Ave
E000199,firm,2018,618 Cedar Rd
E000200,insurer,2021,720 Harbor Rd
E000201,insurer,2001,184 Cedar Blvd
E000202,broker,2018,510 Harbor St
E000203,forwarder,2008,137 Quartz Blvd
E000204,forwarder,2021,852 Quartz St
E000205,lab,2025,253 Harbor Ave
E000206,broker,2005,813 Cedar Rd
E000207,broker,1994,405 Quartz Blvd
E000208,lab,2017,652 Cedar Ave
E000209,insurer,2022,798 Quartz St
E000210,forwarder,1994,347 Cedar Rd
E000211,firm,1999,797 Quartz Rd
E000212,insurer,2003,189 Cedar St
E000213,broker,1997,47 Cedar Ave
E000214,firm,2025,116 Harbor Ave
E000215,insurer,2009,847 Cedar St
E000216,forwarder,2015,858 Quartz Rd
E000217,firm,1997,11 Harbor Blvd
E000218,insurer,1992,66 Quartz St
E000219,insurer,2021,776 Canal Ave
E000220,lab,1997,695 Harbor St
E000221,lab,2024,609 Harbor St
E000222,firm,1998,925 Harbor Blvd
E000223,lab,2015,158 Quartz Blvd
E000224,firm,2022,445 Foundry Rd
E000225,forwarder,2019,827 Canal St
E000226,firm,2009,667 Quartz St
E000227,lab,1993,105 Quartz Ave
E000228,broker,2008,758 Canal St
E000229,firm,2007,654 Foundry Blvd
E000230,firm,2021,550 Harbor Blvd
E000231,insurer,2007,957 Canal Blvd
E000232,broker,2017,958 Quartz Rd
E000233,insurer,1990,988 Canal St
E000234,lab,1991,701 Canal Blvd
E000235,lab,1992,406 Cedar Blvd
E000236,insurer,2024,385 Foundry Rd
E000237,firm,2025,485 Cedar Rd
E000238,insurer,2024,230 Harbor Rd
E000239,broker,2025,722 Canal St
E000240,firm,2012,833 Foundry St
E000241,lab,2002,23 Canal Blvd
E000242,broker,2019,796 Cedar Rd
E000243,forwarder,1998,987 Foundry Rd
E000244,insurer,2025,144 Canal St
E000245,lab,2009,808 Harbor Rd
E000246,lab,2008,697 Cedar Blvd
E000247,broker,2021,251 Quartz St
E000248,insurer,2025,145 Foundry Ave
E000249,insurer,2000,59 Harbor Ave
E000250,lab,2022,120 Canal St
E000251,broker,2010,327 Quartz Rd
E000252,firm,2017,841 Canal Blvd
E000253,broker,2018,525 Harbor Ave
E000254,forwarder,1994,492 Canal Rd
E000255,lab,2016,855 Harbor Ave
E000256,insurer,2014,15 Cedar Blvd
E000257,firm,2024,735 Cedar Ave
E000258,insurer,2014,310 Foundry Rd
E000259,forwarder,2020,534 Foundry Ave
E000260,lab,2006,284 Canal St
E000261,lab,1997,717 Quartz Blvd
E000262,broker,2016,969 Cedar Blvd
E000263,insurer,1999,741 Canal Ave
E000264,forwarder,2023,637 Cedar Blvd
E000265,insurer,2025,399 Canal Rd
E000266,forwarder,1995,625 Quartz Blvd
E000267,lab,2009,919 Harbor Blvd
E000268,firm,2015,242 Quartz Ave
E000269,firm,2017,603 Harbor Blvd
E000270,lab,2019,352 Quartz St
E000271,forwarder,2024,997 Foundry Rd
E000272,insurer,1994,247 Harbor Rd
E000273,forwarder,2015,610 Foundry Ave
E000274,insurer,2012,135 Cedar St
E000275,broker,1994,438 Cedar Rd
E000276,firm,2008,154 Harbor St
E000277,broker,2013,18 Quartz Rd
E000278,firm,1991,502 Quartz St
E000279,broker,2021,568 Harbor Rd
E000280,broker,2016,74 Cedar St
E000281,forwarder,2003,250 Cedar Rd
E000282,firm,2020,870 Quartz St
E000283,insurer,2015,746 Quartz St
E000284,forwarder,1995,173 Quartz Rd
E000285,firm,1997,896 Foundry Rd
E000286,broker,2010,546 Cedar Ave
E000287,lab,1996,710 Canal Ave
E000288,firm,2010,796 Canal Rd
E000289,firm,1999,753 Harbor St
E000290,insurer,2004,905 Canal St
E000291,firm,2017,107 Canal Ave
E000292,insurer,2003,650 Foundry Rd
E000293,firm,1990,165 Canal Blvd
E000294,lab,2020,784 Foundry Rd
E000295,broker,1992,773 Cedar Blvd
E000296,insurer,2002,74 Foundry Blvd
E000297,firm,1994,301 Cedar Ave
E000298,lab,1998,925 Cedar Ave
E000299,insurer,2010,498 Canal Rd
E000300,forwarder,2008,906 Foundry Ave
E000301,insurer,2001,269 Harbor Ave
E000302,firm,2020,538 Harbor Blvd
E000303,broker,2004,328 Quartz Ave
E000304,firm,1994,398 Foundry Ave
E000305,insurer,2000,817 Quartz Blvd
E000306,firm,2011,909 Quartz St
E000307,firm,1992,656 Foundry St
E000308,firm,2020,735 Canal Blvd
E000309,insurer,2005,30 Foundry Blvd
E000310,broker,2024,582 Canal St
E000311,forwarder,2009,384 Foundry Rd
E000312,forwarder,1991,188 Cedar Ave
E000313,forwarder,2004,893 Canal Rd
E000314,lab,2017,711 Canal St
E000315,broker,2013,305 Harbor Ave
E000316,lab,2014,180 Cedar Rd
E000317,forwarder,2020,804 Harbor Rd
E000318,forwarder,1999,896 Foundry Rd
E000319,insurer,2001,367 Cedar Rd
E000320,lab,2009,774 Harbor Rd
E000321,broker,2000,937 Harbor Rd
E000322,forwarder,2016,879 Cedar Blvd
E000323,lab,2016,318 Foundry Ave
E000324,insurer,2015,978 Harbor St
E000325,forwarder,2002,80 Foundry Rd
E000326,broker,2020,515 Harbor St
E000327,broker,2020,259 Canal Ave
E000328,firm,1991,257 Cedar Ave
E000329,lab,1995,714 Foundry Ave
E000330,forwarder,1996,91 Canal Rd
E000331,firm,1992,878 Cedar St
E000332,forwarder,2013,693 Cedar Rd
E000333,insurer,2001,781 Canal Blvd
E000334,lab,2016,933 Cedar Blvd
E000335,lab,1990,780 Harbor Rd
E000336,insurer,1990,969 Canal Rd
E000337,firm,2018,905 Foundry Blvd
E000338,insurer,2002,342 Canal Rd
E000339,lab,2012,234 Quartz Blvd
E000340,lab,2008,935 Harbor St
E000341,lab,2020,675 Canal Blvd
E000342,lab,2022,809 Canal Blvd
E000343,insurer,2016,862 Foundry Rd
E000344,lab,2012,648 Harbor Blvd
E000345,firm,1994,694 Cedar Rd
E000346,lab,1996,713 Quartz Rd
E000347,forwarder,2015,79 Harbor Rd
E000348,firm,2024,639 Cedar Rd
E000349,forwarder,2024,748 Canal Ave
E000350,forwarder,2009,785 Harbor Blvd
E000351,broker,2017,283 Quartz Blvd
E000352,insurer,2020,308 Canal Ave
E000353,insurer,2004,251 Harbor Blvd
E000354,forwarder,1996,713 Quartz Ave
E000355,firm,2007,197 Cedar Blvd
E000356,lab,2020,90 Foundry Blvd
E000357,lab,2010,985 Cedar Ave
E000358,insurer,1994,187 Harbor Blvd
E000359,lab,2023,868 Canal Blvd
E000360,lab,1996,774 Canal Blvd
E000361,lab,1997,921 Quartz St
E000362,lab,2014,856 Foundry Rd
E000363,insurer,2012,276 Cedar Ave
E000364,broker,2016,867 Foundry Ave
E000365,forwarder,2003,808 Harbor Blvd
E000366,broker,2017,835 Cedar St
E000367,firm,2007,436 Canal Blvd
E000368,broker,2020,204 Quartz Rd
E000369,broker,2013,482 Foundry St
E000370,forwarder,2019,51 Quartz Rd
E000371,forwarder,2020,166 Foundry St
E000372,lab,1991,737 Canal St
E000373,insurer,1991,644 Harbor Ave
E000374,firm,2008,844 Harbor St
E000375,forwarder,2023,261 Foundry St
E000376,lab,2019,216 Harbor St
E000377,broker,2010,364 Cedar Rd
E000378,lab,2022,553 Foundry St
E000379,forwarder,1992,702 Foundry Ave
E000380,forwarder,1992,550 Canal Rd
E000381,broker,2000,950 Harbor Ave
E000382,firm,1995,315 Quartz Ave
E000383,lab,2025,738 Quartz Blvd
E000384,insurer,2005,863 Quartz Ave
E000385,firm,2005,214 Cedar St
E000386,firm,2024,48 Foundry Blvd
E000387,firm,2007,446 Foundry Ave
E000388,insurer,2001,199 Foundry Blvd
E000389,firm,2025,694 Harbor Blvd
E000390,firm,2016,49 Cedar Blvd
E000391,broker,2004,179 Quartz Ave
E000392,forwarder,2025,23 Foundry Rd
E000393,firm,2004,476 Foundry St
E000394,insurer,2004,298 Harbor St
E000395,lab,2021,789 Quartz St
E000396,insurer,2014,44 Cedar Blvd
E000397,forwarder,2008,419 Cedar Blvd
E000398,broker,2024,342 Foundry Blvd
E000399,broker,1996,377 Quartz Ave
E000400,lab,2021,889 Canal Rd
E000401,firm,2025,894 Harbor St
E000402,insurer,2017,369 Foundry Ave
E000403,firm,1999,650 Cedar St
E000404,lab,1995,475 Cedar Rd
E000405,insurer,2022,199 Quartz Rd
E000406,broker,1991,125 Quartz St
E000407,firm,2014,532 Foundry Ave
E000408,broker,1999,404 Canal Rd
E000409,lab,1998,31 Canal Ave
E000410,lab,2011,64 Cedar St
E000411,firm,2002,658 Cedar Blvd
E000412,lab,1990,215 Canal St
E000413,lab,2015,105 Foundry Rd
E000414,lab,2007,422 Canal Rd
E000415,broker,2009,167 Foundry Rd
E000416,broker,2005,612 Quartz Rd
E000417,forwarder,2023,896 Canal Ave
E000418,lab,1995,699 Quartz Blvd
E000419,firm,2006,423 Quartz Rd
E000420,forwarder,2014,610 Quartz Blvd
E000421,insurer,2015,225 Cedar St
E000422,forwarder,2001,73 Canal Blvd
E000423,lab,2010,922 Canal St
E000424,forwarder,2009,820 Harbor Ave
E000425,firm,2022,236 Harbor Rd
E000426,firm,2024,66 Foundry Rd
E000427,insurer,2007,177 Canal Blvd
E000428,lab,2000,267 Cedar Ave
E000429,firm,1993,753 Foundry St
E000430,lab,2008,394 Quartz Blvd
E000431,broker,1999,77 Harbor Rd
E000432,firm,2009,288 Harbor Rd
E000433,insurer,2001,840 Quartz St
E000434,lab,1998,807 Foundry St
E000435,forwarder,2015,947 Harbor Rd
E000436,firm,2004,426 Quartz Rd
E000437,insurer,2000,34 Cedar Rd
E000438,firm,1999,452 Cedar Ave
E000439,firm,1992,602 Harbor Blvd
E000440,forwarder,2023,896 Quartz Blvd
E000441,insurer,2022,955 Cedar St
E000442,insurer,1998,378 Harbor Rd
E000443,insurer,2014,502 Foundry St
E000444,insurer,2006,463 Canal Rd
E000445,insurer,1994,796 Cedar Ave
E000446,forwarder,2021,573 Harbor Rd
E000447,broker,2023,377 Foundry Blvd
E000448,forwarder,2014,25 Canal Ave
E000449,lab,1995,48 Canal Blvd
E000450,firm,2001,923 Canal St
E000451,firm,2005,717 Canal Blvd
E000452,insurer,2019,811 Quartz Ave
E000453,broker,2018,553 Cedar Ave
E000454,broker,2022,142 Canal Ave
E000455,forwarder,2015,473 Quartz Blvd
E000456,firm,2009,47 Foundry St
E000457,lab,2011,143 Cedar St
E000458,insurer,1991,994 Quartz Rd
E000459,lab,2011,998 Harbor Blvd
E000460,firm,2009,230 Cedar Blvd
E000461,lab,2014,880 Cedar Rd
E000462,broker,2016,540 Foundry Rd
E000463,forwarder,1991,381 Foundry Ave
E000464,lab,2009,574 Quartz Rd
E000465,forwarder,2018,485 Canal St
E000466,firm,2000,741 Harbor St
E000467,insurer,2015,150 Cedar St
E000468,lab,2017,432 Canal Rd
E000469,lab,2005,612 Canal Rd
E000470,lab,2014,21 Quartz St
E000471,forwarder,1992,295 Foundry Rd
E000472,broker,1998,935 Quartz Blvd
E000473,broker,1990,982 Cedar Blvd
E000474,insurer,2002,209 Foundry Blvd
E000475,firm,2019,575 Quartz St
E000476,lab,2011,652 Canal Blvd
E000477,lab,2015,656 Quartz St
E000478,firm,2021,791 Canal Rd
E000479,forwarder,2025,757 Foundry St
E000480,firm,2012,106 Harbor St
E000481,insurer,2018,344 Canal Ave
E000482,firm,2010,347 Canal Blvd
E000483,insurer,2003,885 Cedar Rd
E000484,lab,2012,707 Harbor Ave
E000485,firm,1990,278 Foundry Ave
E000486,forwarder,2010,538 Canal St
E000487,forwarder,2016,295 Foundry Blvd
E000488,firm,1993,26 Quartz Ave
E000489,forwarder,2004,118 Canal Blvd
E000490,insurer,2010,314 Foundry St
E000491,broker,2017,21 Quartz St
E000492,firm,1998,400 Foundry Ave
E000493,lab,1992,859 Canal St
E000494,broker,2001,693 Foundry Ave
E000495,lab,2018,646 Harbor Blvd
E000496,forwarder,2001,949 Canal Blvd
E000497,broker,2025,413 Foundry Ave
E000498,firm,2016,203 Quartz Rd
E000499,forwarder,2017,192 Canal Ave
E000500,forwarder,2002,896 Canal Ave
E000501,firm,2022,331 Cedar St
E000502,firm,2010,142 Harbor Rd
E000503,lab,1991,361 Canal Blvd
E000504,forwarder,2020,25 Canal Blvd
E000505,insurer,2020,224 Cedar Ave
E000506,insurer,2023,795 Harbor Blvd
E000507,broker,1995,810 Quartz Ave
E000508,broker,2006,610 Canal Blvd
E000509,forwarder,2012,224 Foundry Blvd
E000510,lab,2014,342 Harbor St
E000511,firm,2007,669 Cedar Blvd
E000512,broker,2004,415 Cedar Ave
E000513,forwarder,1994,253 Harbor St
E000514,broker,1995,854 Canal St
E000515,lab,1997,72 Cedar Rd
E000516,broker,2017,831 Canal Blvd
E000517,firm,2023,686 Foundry Blvd
E000518,firm,2019,973 Foundry Ave
E000519,firm,2000,614 Canal Blvd
E000520,forwarder,1990,200 Quartz St
E000521,firm,1995,956 Cedar Blvd
E000522,firm,1991,866 Quartz Ave
E000523,firm,2022,413 Canal Ave
E000524,forwarder,2001,502 Canal Ave
E000525,insurer,2004,509 Canal Blvd
E000526,insurer,1991,268 Harbor Ave
E000527,firm,1999,947 Cedar Ave
E000528,insurer,1999,257 Cedar Ave
E000529,firm,2009,190 Foundry Rd
E000530,insurer,2007,31 Canal Ave
E000531,lab,1995,195 Quartz Ave
E000532,lab,1990,979 Harbor Blvd
E000533,broker,2014,879 Cedar St
E000534,broker,2011,787 Canal Blvd
E000535,lab,1991,641 Cedar Rd
E000536,insurer,1998,488 Cedar Blvd
E000537,lab,2018,309 Cedar Rd
E000538,broker,2000,908 Harbor Ave
E000539,broker,2017,403 Harbor Rd
E000540,broker,2019,105 Canal Rd
E000541,firm,2019,740 Harbor Blvd
E000542,forwarder,2011,260 Quartz Rd
E000543,insurer,1995,311 Quartz Ave
E000544,firm,2004,921 Cedar Ave
E000545,insurer,1999,296 Harbor Ave
E000546,lab,2001,430 Harbor Ave
E000547,forwarder,2003,310 Canal Rd
E000548,insurer,2001,95 Quartz Rd
E000549,forwarder,2016,657 Cedar Blvd
E000550,lab,2020,257 Canal Rd
E000551,firm,2019,418 Foundry St
E000552,insurer,2011,306 Harbor Rd
E000553,lab,2012,654 Quartz Ave
E000554,broker,2006,686 Quartz Rd
E000555,broker,2000,217 Cedar Blvd
E000556,insurer,2006,448 Foundry Ave
E000557,forwarder,1992,852 Harbor Ave
E000558,lab,1992,269 Canal Blvd
E000559,lab,1991,994 Foundry Blvd
E000560,forwarder,2017,823 Quartz St
E000561,forwarder,2003,635 Harbor Ave
E000562,lab,1996,354 Harbor Blvd
E000563,lab,2009,222 Cedar Blvd
E000564,insurer,1994,450 Quartz Rd
E000565,broker,2002,257 Cedar St
E000566,insurer,2021,192 Harbor Ave
E000567,lab,2019,66 Harbor St
E000568,lab,2006,39 Canal St
E000569,forwarder,1998,394 Canal Rd
E000570,lab,2014,446 Harbor Rd
E000571,insurer,2004,549 Harbor Rd
E000572,firm,2024,538 Quartz Rd
E000573,forwarder,2011,939 Canal St
E000574,lab,2004,799 Foundry St
E000575,lab,2005,356 Canal Rd
E000576,broker,2013,566 Cedar St
E000577,broker,2023,844 Foundry St
E000578,forwarder,2014,582 Canal Rd
E000579,forwarder,2007,336 Canal Blvd
E000580,broker,1993,103 Foundry Ave
E000581,forwarder,1991,353 Harbor Ave
E000582,lab,2004,681 Foundry Rd
E000583,firm,1999,268 Harbor Ave
E000584,forwarder,2012,296 Canal Ave
E000585,firm,1998,270 Cedar St
E000586,forwarder,2009,119 Canal Rd
E000587,broker,2017,437 Canal Rd
E000588,forwarder,1997,707 Cedar Ave
E000589,lab,2002,407 Harbor Ave
E000590,forwarder,1994,835 Foundry Blvd
E000591,insurer,2005,652 Cedar Blvd
E000592,forwarder,2004,303 Canal St
E000593,broker,2025,543 Foundry Rd
E000594,firm,1999,20 Quartz Rd
E000595,firm,2009,945 Foundry Ave
E000596,firm,2006,872 Harbor Ave
E000597,broker,2018,919 Cedar Blvd
E000598,firm,1999,560 Harbor Rd
E000599,broker,2023,132 Foundry Blvd
E000600,lab,1990,519 Harbor St
E000601,lab,2016,156 Cedar St
E000602,insurer,2010,150 Canal St
E000603,firm,2006,251 Cedar Ave
E000604,firm,2019,122 Canal Ave
E000605,firm,2002,215 Harbor Blvd
E000606,lab,1991,272 Cedar Rd
E000607,insurer,2014,338 Foundry Rd
E000608,lab,1995,615 Harbor Rd
E000609,lab,2018,881 Canal St
E000610,firm,2019,827 Cedar Blvd
E000611,lab,1997,271 Quartz Blvd
E000612,lab,2001,859 Foundry Blvd
E000613,lab,2010,309 Foundry Rd
E000614,insurer,2015,471 Foundry Blvd
E000615,broker,2002,917 Foundry Rd
E000616,forwarder,2007,781 Canal St
E000617,broker,2015,510 Cedar Rd
E000618,firm,2019,110 Cedar Blvd
E000619,lab,2016,117 Cedar Rd
E000620,forwarder,2008,424 Canal Blvd
E000621,firm,2025,303 Quartz Ave
E000622,forwarder,2025,37 Foundry Blvd
E000623,broker,2016,362 Cedar Rd
E000624,firm,1998,674 Cedar Rd
E000625,forwarder,2017,700 Canal Rd
E000626,lab,2017,702 Foundry Ave
E000627,forwarder,2025,406 Cedar Rd
E000628,broker,1996,527 Cedar Blvd
E000629,firm,2024,702 Cedar Ave
E000630,firm,2022,967 Cedar Ave
E000631,insurer,2011,194 Canal Blvd
E000632,insurer,1994,440 Canal Ave
E000633,insurer,2006,783 Canal St
E000634,insurer,2001,207 Cedar Rd
E000635,lab,2005,45 Harbor Ave
E000636,broker,1999,424 Cedar St
E000637,broker,2015,504 Quartz Rd
E000638,lab,2022,731 Quartz Ave
E000639,lab,1992,818 Foundry Rd
E000640,forwarder,2023,738 Canal Blvd
E000641,firm,1995,788 Quartz St
E000642,firm,2016,489 Harbor Blvd
E000643,forwarder,2010,834 Cedar Ave
E000644,lab,2004,997 Harbor Blvd
E000645,insurer,2020,564 Canal Blvd
E000646,insurer,2013,884 Foundry St
E000647,firm,1992,185 Cedar Rd
E000648,firm,1999,739 Foundry St
E000649,firm,2009,832 Canal St
E000650,firm,1993,842 Quartz St
E000651,lab,1995,334 Canal Blvd
E000652,broker,2013,788 Harbor Ave
E000653,forwarder,2009,846 Cedar Blvd
E000654,forwarder,1998,803 Harbor Blvd
E000655,forwarder,1993,617 Cedar Rd
E000656,broker,2023,709 Harbor St
E000657,insurer,2023,589 Harbor St
E000658,forwarder,2015,450 Harbor Blvd
E000659,forwarder,1990,236 Harbor Blvd
E000660,lab,2022,566 Canal Ave
E000661,lab,2018,558 Cedar St
E000662,firm,2006,893 Harbor Ave
E000663,broker,1990,202 Foundry Ave
E000664,firm,2014,671 Quartz Blvd
E000665,firm,2011,852 Quartz St
E000666,lab,2010,267 Cedar Ave
E000667,firm,1999,52 Harbor Rd
E000668,insurer,2015,852 Canal Blvd
E000669,lab,2003,189 Harbor St
E000670,broker,1999,222 Foundry Ave
E000671,insurer,1999,783 Harbor Blvd
E000672,broker,1998,62 Canal Rd
E000673,forwarder,2013,75 Cedar Ave
E000674,forwarder,1991,947 Quartz St
E000675,insurer,2018,683 Quartz Ave
E000676,broker,2025,202 Cedar Rd
E000677,broker,2025,182 Quartz Blvd
E000678,firm,2021,76 Canal Blvd
E000679,broker,2022,64 Harbor Ave
E000680,forwarder,2001,493 Quartz St
E000681,forwarder,2006,135 Foundry Ave
E000682,broker,1994,369 Cedar Blvd
E000683,lab,1995,878 Quartz St
E000684,forwarder,2002,907 Canal Ave
E000685,firm,2014,20 Harbor Ave
E000686,firm,2002,912 Harbor Blvd
E000687,lab,2022,721 Harbor St
E000688,firm,1999,722 Canal Ave
E000689,insurer,2006,126 Quartz Blvd
E000690,forwarder,1994,923 Foundry St
E000691,insurer,1997,946 Harbor Ave
E000692,lab,2001,202 Cedar Ave
E000693,insurer,2020,520 Quartz Ave
E000694,insurer,2002,316 Harbor Rd
E000695,forwarder,1997,569 Harbor Blvd
E000696,firm,2018,205 Quartz Ave
E000697,firm,2000,553 Foundry St
E000698,firm,2007,779 Canal Ave
E000699,insurer,2025,283 Harbor St
E000700,insurer,1991,525 Canal Ave
E000701,forwarder,1991,657 Quartz Blvd
E000702,broker,2002,969 Cedar Blvd
E000703,forwarder,2024,219 Canal Ave
E000704,lab,2006,856 Cedar St
E000705,forwarder,2001,552 Cedar Rd
E000706,firm,2017,243 Foundry Blvd
E000707,insurer,2021,376 Cedar Ave
E000708,insurer,2014,525 Foundry St
E000709,forwarder,2017,724 Quartz St
E000710,broker,2013,418 Cedar Blvd
E000711,forwarder,2017,758 Canal Blvd
E000712,lab,1996,942 Harbor Blvd
E000713,forwarder,2025,407 Cedar Ave
E000714,firm,1993,442 Cedar St
E000715,insurer,2025,762 Cedar Ave
E000716,broker,2009,636 Canal Blvd
E000717,broker,2019,208 Foundry St
E000718,broker,2024,662 Foundry Blvd
E000719,forwarder,1994,742 Foundry Ave
E000720,broker,1995,328 Canal St
E000721,insurer,1996,843 Harbor Ave
E000722,forwarder,2006,163 Foundry Rd
E000723,broker,2007,33 Cedar Ave
E000724,lab,2012,469 Foundry St
E000725,insurer,2017,653 Canal Blvd
E000726,lab,2015,638 Cedar Ave
E000727,firm,2001,380 Cedar Rd
E000728,lab,1991,48 Canal Ave
E000729,forwarder,1995,422 Quartz Blvd
E000730,broker,2004,519 Harbor Rd
E000731,insurer,1997,837 Harbor Blvd
E000732,insurer,2020,418 Foundry St
E000733,firm,2017,756 Foundry Rd
E000734,firm,2020,392 Foundry Rd
E000735,firm,1995,259 Harbor Rd
E000736,insurer,1998,593 Harbor Blvd
E000737,insurer,1999,879 Canal St
E000738,forwarder,2025,243 Harbor Rd
E000739,firm,2010,893 Quartz Blvd
E000740,insurer,2024,403 Quartz Blvd
E000741,broker,2017,953 Cedar Rd
E000742,broker,2022,505 Canal Ave
E000743,firm,2022,461 Quartz Blvd
E000744,forwarder,2013,289 Harbor Ave
E000745,lab,1995,414 Foundry Ave
E000746,firm,2006,818 Cedar Ave
E000747,insurer,2008,126 Harbor St
E000748,firm,1994,236 Canal Blvd
E000749,lab,2008,202 Foundry Blvd
E000750,insurer,1996,829 Harbor Rd
E000751,broker,2013,832 Canal St
E000752,lab,2007,258 Cedar Blvd
E000753,firm,2017,951 Canal St
E000754,insurer,1998,975 Quartz Ave
E000755,firm,1992,781 Cedar Ave
E000756,forwarder,2004,560 Cedar Ave
E000757,firm,2013,844 Cedar Rd
E000758,firm,2012,589 Canal Rd
E000759,firm,2001,685 Canal Blvd
E000760,firm,2012,70 Cedar Ave
E000761,lab,2005,983 Canal Blvd
E000762,insurer,2024,437 Harbor Ave
E000763,firm,2003,843 Cedar St
E000764,broker,2012,67 Cedar Ave
E000765,firm,2011,214 Foundry Blvd
E000766,firm,2013,961 Canal Blvd
E000767,forwarder,2020,542 Cedar St
E000768,firm,2004,40 Foundry Rd
E000769,firm,2009,538 Harbor Blvd
E000770,broker,2023,400 Harbor Rd
E000771,forwarder,2010,854 Foundry Ave
E000772,forwarder,1990,309 Quartz Blvd
E000773,lab,2005,721 Canal Blvd
E000774,lab,2016,12 Harbor St
E000775,insurer,2003,195 Canal Blvd
E000776,forwarder,1991,494 Canal Blvd
E000777,forwarder,2020,576 Cedar Blvd
E000778,forwarder,2023,186 Cedar Blvd
E000779,lab,2024,75 Foundry Blvd
E000780,lab,1990,284 Harbor Blvd
E000781,lab,2006,823 Foundry Rd
E000782,broker,2023,973 Foundry Rd
E000783,lab,2008,376 Cedar Ave
E000784,firm,1992,779 Foundry St
E000785,broker,2024,254 Quartz Ave
E000786,lab,2004,187 Quartz Ave
E000787,broker,2022,543 Cedar Rd
E000788,firm,1990,819 Harbor Blvd
E000789,broker,1994,390 Cedar St
E000790,broker,1990,169 Harbor Blvd
E000791,firm,1990,11 Foundry Ave
E000792,broker,2015,189 Foundry Blvd
E000793,insurer,2021,816 Cedar St
E000794,forwarder,2024,186 Foundry Blvd
E000795,firm,2002,644 Cedar Rd
E000796,insurer,1997,970 Quartz Blvd
E000797,forwarder,1992,905 Quartz St
E000798,lab,1993,29 Quartz Ave
E000799,forwarder,2019,73 Quartz St
E000800,forwarder,2018,666 Quartz St
E000801,broker,2003,655 Canal Rd
E000802,firm,2023,300 Cedar St
E000803,firm,2021,591 Canal Ave
E000804,lab,2025,778 Canal St
E000805,firm,1997,519 Quartz Rd
E000806,broker,2013,797 Harbor Rd
E000807,forwarder,2005,655 Canal Ave
E000808,insurer,2017,170 Canal Blvd
E000809,insurer,2002,882 Foundry Ave
E000810,forwarder,2019,90 Canal Rd
E000811,firm,1990,189 Quartz Ave
E000812,lab,2021,662 Quartz Blvd
E000813,forwarder,2025,436 Foundry Ave
E000814,firm,2009,320 Foundry Ave
E000815,firm,1992,153 Harbor Ave
E000816,forwarder,1998,722 Canal Rd
E000817,insurer,2015,399 Harbor Blvd
E000818,firm,2004,102 Cedar St
E000819,insurer,2011,945 Cedar Rd
E000820,forwarder,2020,944 Canal St
E000821,firm,2016,761 Canal Rd
E000822,firm,2011,874 Quartz Rd
E000823,lab,1992,999 Quartz Ave
E000824,forwarder,2024,501 Quartz St
E000825,forwarder,2001,88 Canal St
E000826,insurer,2016,33 Foundry Blvd
E000827,broker,2025,260 Canal St
E000828,lab,2021,239 Foundry Ave
E000829,broker,2019,459 Foundry St
E000830,insurer,2022,962 Quartz Rd
E000831,insurer,2006,733 Cedar Blvd
E000832,insurer,1991,213 Harbor St
E000833,broker,1990,112 Harbor Ave
E000834,lab,1991,159 Harbor Rd
E000835,insurer,1994,676 Canal Ave
E000836,lab,2006,375 Harbor Blvd
E000837,broker,2022,122 Canal Ave
E000838,broker,1999,341 Quartz Blvd
E000839,firm,2018,888 Quartz Blvd
E000840,insurer,1993,134 Cedar Blvd
E000841,forwarder,2023,59 Quartz Rd
E000842,firm,2017,675 Harbor St
E000843,lab,2017,194 Cedar St
E000844,firm,2003,919 Quartz St
E000845,insurer,2011,556 Canal Blvd
E000846,forwarder,1990,855 Cedar St
E000847,firm,2018,687 Cedar St
E000848,insurer,1999,600 Foundry Rd
E000849,firm,2016,102 Canal Ave
E000850,insurer,2013,632 Cedar Rd
E000851,lab,2001,169 Cedar Ave
E000852,lab,2025,236 Cedar Ave
E000853,firm,2002,249 Foundry Blvd
E000854,lab,2024,680 Harbor Rd
E000855,broker,2004,610 Cedar St
E000856,broker,2011,845 Quartz Blvd
E000857,lab,1995,782 Canal St
E000858,forwarder,2018,460 Cedar Blvd
E000859,lab,2005,695 Cedar Blvd
E000860,broker,1997,801 Harbor Ave
E000861,firm,1990,651 Foundry St
E000862,forwarder,1997,687 Cedar Ave
E000863,lab,2002,636 Quartz Blvd
E000864,broker,1992,732 Canal Rd
E000865,insurer,1998,504 Quartz Ave
E000866,forwarder,2022,607 Canal Rd
E000867,insurer,2025,757 Harbor Rd
E000868,lab,2020,722 Harbor St
E000869,firm,1992,122 Harbor St
E000870,firm,1999,126 Harbor St
E000871,forwarder,2015,779 Foundry Blvd
E000872,insurer,1997,854 Foundry Blvd
E000873,firm,2010,712 Foundry Rd
E000874,firm,1992,698 Harbor Ave
E000875,broker,2008,483 Foundry Rd
E000876,forwarder,1996,33 Quartz St
E000877,forwarder,2008,768 Canal Blvd
E000878,broker,1990,849 Quartz Blvd
E000879,firm,1994,628 Cedar St
E000880,forwarder,2000,14 Canal Rd
E000881,firm,2000,346 Cedar St
E000882,broker,2004,948 Canal Blvd
E000883,forwarder,2018,124 Foundry Rd
E000884,firm,2007,468 Canal Rd
E000885,insurer,1997,971 Quartz Blvd
E000886,forwarder,2018,902 Harbor Rd
E000887,forwarder,2006,86 Foundry St
E000888,forwarder,2014,99 Harbor Ave
E000889,insurer,2016,619 Canal Rd
E000890,firm,2022,929 Canal St
E000891,lab,2021,490 Foundry Blvd
E000892,insurer,2014,951 Cedar Blvd
E000893,firm,2021,958 Cedar Blvd
E000894,insurer,1991,712 Quartz Rd
E000895,insurer,2019,721 Canal Ave
E000896,broker,2008,990 Quartz St
E000897,insurer,2017,19 Canal Ave
E000898,insurer,2005,586 Foundry Rd
E000899,lab,2011,269 Harbor Ave
E000900,insurer,2000,52 Cedar Rd
E000901,insurer,2007,175 Harbor St
E000902,firm,2001,776 Quartz Ave
E000903,forwarder,2016,144 Cedar Rd
E000904,broker,1991,974 Foundry Blvd
E000905,lab,2023,305 Harbor Blvd
E000906,broker,2024,122 Cedar Rd
E000907,insurer,2009,448 Cedar Ave
E000908,forwarder,2023,95 Harbor Ave
E000909,firm,2025,926 Harbor St
E000910,firm,2002,976 Cedar Blvd
E000911,insurer,2006,944 Canal St
E000912,forwarder,2015,492 Quartz St
E000913,broker,2025,54 Harbor Blvd
E000914,firm,1990,106 Cedar Ave
E000915,broker,2002,451 Canal St
E000916,firm,2013,109 Canal St
E000917,firm,1992,732 Cedar Blvd
E000918,firm,2010,826 Foundry Ave
E000919,firm,1995,431 Quartz Rd
E000920,insurer,2017,743 Canal Rd
E000921,lab,2012,278 Foundry Blvd
E000922,insurer,1996,781 Cedar Ave
E000923,firm,2008,996 Quartz Blvd
E000924,lab,2019,243 Quartz Rd
E000925,firm,2000,243 Quartz St
E000926,lab,2013,865 Canal Blvd
E000927,firm,2015,493 Harbor Rd
E000928,insurer,2002,312 Foundry Blvd
E000929,broker,2010,624 Canal Rd
E000930,insurer,2015,503 Quartz Rd
E000931,lab,2007,488 Canal Ave
E000932,insurer,2022,499 Foundry Rd
E000933,forwarder,2011,156 Quartz Blvd
E000934,insurer,2021,533 Cedar Ave
E000935,lab,1990,559 Cedar Rd
E000936,insurer,2020,976 Canal Rd
E000937,lab,1996,875 Quartz Rd
E000938,broker,2011,341 Cedar Rd
E000939,broker,1990,198 Canal Rd
E000940,forwarder,2022,700 Foundry Rd
E000941,insurer,2020,549 Harbor St
E000942,broker,1996,243 Harbor Ave
E000943,insurer,2002,471 Canal Rd
E000944,broker,2020,489 Quartz Ave
E000945,broker,2000,650 Harbor Rd
E000946,forwarder,2007,383 Canal Rd
E000947,firm,2006,317 Quartz Rd
E000948,forwarder,2019,257 Quartz St
E000949,broker,1990,933 Harbor Blvd
E000950,firm,2001,542 Foundry St
E000951,lab,2021,415 Foundry St
E000952,lab,2008,796 Quartz Blvd
E000953,broker,2007,91 Cedar Ave
E000954,lab,1998,435 Quartz Blvd
E000955,insurer,2009,151 Harbor Ave
E000956,insurer,2002,988 Canal Rd
E000957,lab,2019,605 Cedar Blvd
E000958,firm,2011,464 Canal Blvd
E000959,insurer,1997,812 Foundry Blvd
E000960,forwarder,2000,567 Foundry Ave
E000961,insurer,2004,91 Foundry Rd
E000962,lab,2006,946 Harbor St
E000963,broker,2003,663 Foundry Ave
E000964,broker,2021,87 Harbor St
E000965,forwarder,1998,206 Canal Rd
E000966,firm,2015,523 Harbor Blvd
E000967,insurer,1997,65 Quartz Ave
E000968,broker,2002,169 Canal St
E000969,insurer,1990,639 Foundry Ave
E000970,forwarder,2007,721 Cedar Blvd
E000971,lab,2005,143 Quartz Blvd
E000972,lab,1992,244 Harbor Rd
E000973,lab,1994,600 Cedar St
E000974,lab,2008,818 Quartz St
E000975,insurer,1991,848 Quartz Ave
E000976,lab,2015,167 Canal Blvd
E000977,lab,2017,826 Harbor Ave
E000978,firm,2007,211 Foundry Blvd
E000979,broker,2019,858 Foundry Rd
E000980,forwarder,2021,199 Foundry Ave
E000981,lab,2014,308 Cedar Rd
E000982,broker,1996,754 Foundry Ave
E000983,broker,2005,265 Cedar St
E000984,broker,2016,277 Quartz Ave
E000985,broker,1993,652 Cedar Ave
E000986,forwarder,2012,696 Cedar Rd
E000987,lab,2021,462 Canal Ave
E000988,broker,2006,829 Canal Ave
E000989,forwarder,2013,708 Harbor St
E000990,broker,2020,246 Foundry St
E000991,insurer,1990,91 Quartz Ave
E000992,lab,2008,805 Quartz Ave
E000993,lab,2019,322 Canal Rd
E000994,lab,2024,566 Cedar St
E000995,lab,1995,178 Quartz Ave
E000996,forwarder,1995,337 Foundry Ave
E000997,insurer,1994,495 Canal St
E000998,firm,2021,701 Quartz Rd
E000999,insurer,1997,544 Harbor Blvd
E001000,lab,2011,765 Cedar St
E001001,broker,2000,887 Cedar Rd
E001002,broker,2019,385 Cedar Rd
E001003,insurer,1990,102 Harbor Rd
E001004,firm,2001,415 Foundry Blvd
E001005,broker,2001,427 Cedar Ave
E001006,lab,2005,709 Canal Ave
E001007,insurer,2020,960 Cedar St
E001008,firm,2021,602 Harbor Blvd
E001009,lab,2022,786 Foundry Rd
E001010,forwarder,2015,317 Cedar St
E001011,lab,2020,604 Cedar Ave
E001012,forwarder,1995,743 Cedar Rd
E001013,forwarder,2021,944 Foundry St
E001014,firm,2017,44 Harbor Ave
E001015,broker,2021,408 Canal Rd
E001016,broker,2018,314 Harbor Ave
E001017,broker,2004,167 Quartz Ave
E001018,broker,2020,633 Harbor Blvd
E001019,firm,2018,660 Foundry Blvd
E001020,forwarder,2003,405 Harbor St
E001021,insurer,2008,684 Cedar Rd
E001022,forwarder,2009,478 Canal Blvd
E001023,broker,2008,419 Harbor Rd
E001024,firm,2000,996 Quartz St
E001025,insurer,2018,802 Cedar Ave
E001026,lab,2009,119 Quartz St
E001027,broker,1996,864 Canal St
E001028,firm,2022,464 Harbor St
E001029,firm,2000,851 Quartz St
E001030,firm,2016,455 Harbor Rd
E001031,forwarder,2014,305 Cedar Rd
E001032,firm,2005,133 Foundry Ave
E001033,insurer,2021,237 Cedar Rd
E001034,broker,1997,888 Quartz Blvd
E001035,insurer,2022,136 Foundry St
E001036,firm,1995,727 Harbor Ave
E001037,forwarder,2017,777 Quartz Rd
E001038,firm,1999,605 Canal St
E001039,forwarder,2010,630 Harbor Ave
E001040,forwarder,2005,707 Foundry Ave
E001041,broker,2007,797 Foundry Rd
E001042,forwarder,1997,564 Foundry Ave
E001043,insurer,2006,469 Canal Rd
E001044,insurer,1999,714 Quartz Blvd
E001045,lab,2003,764 Quartz Rd
E001046,insurer,2000,893 Cedar Blvd
E001047,forwarder,2023,813 Harbor Blvd
E001048,forwarder,2017,594 Foundry Ave
E001049,forwarder,2001,440 Cedar Ave
E001050,broker,1999,457 Cedar Rd
E001051,broker,2023,840 Quartz Ave
E001052,lab,2002,162 Quartz St
E001053,forwarder,2002,309 Foundry Blvd
E001054,lab,2014,348 Foundry Rd
E001055,broker,2010,725 Harbor Ave
E001056,lab,2009,677 Cedar Blvd
E001057,insurer,1992,887 Quartz Ave
E001058,insurer,2004,255 Canal Ave
E001059,broker,2003,906 Canal Rd
E001060,broker,1997,454 Harbor Ave
E001061,broker,2011,643 Canal Blvd
E001062,broker,2017,97 Canal St
E001063,lab,1997,722 Quartz Ave
E001064,forwarder,1996,800 Quartz Rd
E001065,insurer,1994,875 Quartz Blvd
E001066,lab,1993,528 Canal St
E001067,forwarder,1998,632 Quartz St
E001068,firm,2003,539 Foundry Blvd
E001069,broker,2021,831 Harbor Ave
E001070,insurer,1993,604 Quartz Blvd
E001071,broker,2021,527 Quartz Ave
E001072,firm,2013,828 Canal Ave
E001073,forwarder,1995,137 Canal Ave
E001074,broker,1991,370 Cedar Rd
E001075,firm,2001,773 Quartz St
E001076,insurer,2007,812 Cedar Ave
E001077,insurer,2000,247 Canal Rd
E001078,insurer,1990,340 Cedar Ave
E001079,firm,2010,535 Cedar St
E001080,insurer,2008,387 Cedar St
E001081,insurer,2017,462 Canal St
E001082,broker,2002,833 Foundry Ave
E001083,lab,2017,455 Foundry Ave
E001084,insurer,2015,822 Cedar Ave
E001085,broker,2000,738 Harbor Blvd
E001086,broker,2023,327 Foundry Ave
E001087,forwarder,2016,552 Foundry Blvd
E001088,insurer,2010,677 Foundry Rd
E001089,firm,2023,620 Canal Blvd
E001090,insurer,2003,934 Cedar Ave
E001091,broker,2014,872 Foundry Ave
E001092,insurer,1996,964 Harbor Blvd
E001093,lab,2022,289 Canal Blvd
E001094,insurer,1990,14 Foundry Blvd
E001095,broker,1991,759 Cedar Rd
E001096,firm,2003,351 Foundry Rd
E001097,forwarder,2003,320 Harbor Blvd
E001098,firm,1995,858 Quartz Rd
E001099,lab,2008,879 Cedar St
E001100,insurer,1995,381 Quartz Blvd
E001101,insurer,1999,700 Harbor Rd
E001102,firm,2017,973 Quartz Ave
E001103,firm,2025,132 Harbor St
E001104,forwarder,2021,625 Quartz Ave
E001105,lab,2010,422 Quartz Blvd
E001106,lab,2007,461 Harbor Rd
E001107,forwarder,1993,391 Foundry Blvd
E001108,forwarder,1992,18 Harbor Ave
E001109,forwarder,1995,417 Canal Blvd
E001110,firm,1999,785 Cedar Ave
E001111,insurer,1996,268 Foundry Rd
E001112,lab,2007,753 Harbor Rd
E001113,firm,2025,478 Harbor Rd
E001114,forwarder,2013,428 Foundry Ave
E001115,forwarder,2024,722 Canal Blvd
E001116,firm,2008,65 Foundry Blvd
E001117,firm,2025,639 Quartz Rd
E001118,firm,2024,814 Foundry Ave
E001119,forwarder,2001,144 Foundry Ave
E001120,firm,2021,788 Canal St
E001121,forwarder,2024,359 Quartz Ave
E001122,broker,2009,915 Canal Ave
E001123,lab,2023,809 Harbor Blvd
E001124,insurer,1998,913 Canal Rd
E001125,forwarder,2005,640 Canal Blvd
E001126,forwarder,2011,76 Harbor St
E001127,firm,2020,178 Canal Rd
E001128,broker,2014,580 Canal Rd
E001129,forwarder,1998,180 Cedar Ave
E001130,insurer,2008,246 Quartz St
E001131,broker,2013,928 Foundry St
E001132,lab,2008,539 Foundry Blvd
E001133,firm,1995,25 Harbor Ave
E001134,lab,1990,169 Foundry Rd
E001135,lab,2006,905 Foundry Ave
E001136,firm,1996,948 Cedar Rd
E001137,lab,2000,920 Harbor Blvd
E001138,lab,2000,766 Foundry Ave
E001139,forwarder,1996,303 Quartz Rd
E001140,insurer,2015,558 Cedar Ave
E001141,broker,2017,367 Canal St
E001142,forwarder,2002,123 Quartz St
E001143,lab,1993,859 Cedar Ave
E001144,firm,2022,167 Foundry Rd
E001145,lab,2020,737 Cedar Rd
E001146,insurer,2012,775 Canal Blvd
E001147,forwarder,1991,200 Cedar Ave
E001148,firm,2023,702 Harbor Ave
E001149,lab,1999,772 Canal Blvd
E001150,lab,1999,761 Quartz Rd
E001151,firm,2002,347 Cedar Rd
E001152,firm,2025,12 Foundry Blvd
E001153,lab,2021,51 Cedar Blvd
E001154,forwarder,2006,759 Quartz Ave
E001155,lab,2003,511 Quartz St
E001156,insurer,2022,663 Quartz St
E001157,lab,2022,432 Foundry Blvd
E001158,firm,2001,627 Foundry Rd
E001159,firm,2016,289 Canal St
E001160,insurer,1992,856 Harbor Rd
E001161,insurer,2017,418 Quartz St
E001162,lab,2012,293 Cedar Rd
E001163,firm,2001,333 Harbor Blvd
E001164,broker,2009,447 Harbor Blvd
E001165,forwarder,1999,991 Canal Rd
E001166,lab,2006,984 Quartz Blvd
E001167,insurer,2006,404 Canal Rd
E001168,broker,2009,885 Quartz Blvd
E001169,lab,1998,175 Harbor Rd
E001170,firm,2006,283 Harbor St
E001171,forwarder,1991,270 Canal Blvd
E001172,firm,2025,962 Cedar Blvd
E001173,insurer,2010,655 Canal St
E001174,broker,2002,113 Canal Rd
E001175,insurer,2024,705 Canal Rd
E001176,broker,2012,806 Cedar Ave
E001177,firm,1999,854 Harbor Blvd
E001178,firm,1998,81 Foundry Ave
E001179,broker,1993,435 Harbor St
E001180,insurer,2004,395 Quartz St
E001181,firm,1990,968 Quartz St
E001182,firm,2017,732 Cedar Rd
E001183,insurer,2025,964 Harbor Ave
E001184,forwarder,1993,849 Harbor St
E001185,insurer,1994,596 Cedar St
E001186,insurer,2006,171 Foundry Rd
E001187,firm,2003,902 Cedar Blvd
E001188,forwarder,2013,631 Foundry Ave
E001189,insurer,2024,688 Harbor Blvd
E001190,broker,1996,126 Foundry Rd
E001191,broker,1997,440 Canal Blvd
E001192,lab,2020,799 Cedar Blvd
E001193,firm,1990,989 Canal Blvd
E001194,insurer,1997,350 Cedar Blvd
E001195,broker,2006,661 Quartz Blvd
E001196,firm,2011,656 Cedar St
E001197,forwarder,1993,816 Foundry Ave
E001198,lab,2006,520 Foundry Rd
E001199,insurer,2001,225 Harbor Blvd
E001200,forwarder,1995,373 Foundry Blvd
E001201,forwarder,2017,475 Foundry Rd
E001202,insurer,1999,516 Cedar Blvd
E001203,forwarder,1998,452 Quartz Rd
E001204,lab,2021,941 Canal Blvd
E001205,broker,1998,484 Quartz Ave
E001206,forwarder,1992,470 Cedar Ave
E001207,lab,2014,999 Cedar Blvd
E001208,broker,1994,337 Harbor Ave
E001209,broker,1998,127 Harbor Ave
E001210,forwarder,1993,564 Foundry Blvd
E001211,forwarder,2017,839 Foundry Rd
E001212,insurer,2005,699 Cedar Rd
E001213,forwarder,2015,68 Canal Rd
E001214,insurer,2016,140 Canal Blvd
E001215,broker,1993,887 Canal Rd
E001216,insurer,2002,723 Foundry Ave
E001217,firm,2004,605 Cedar Blvd
E001218,insurer,2006,802 Foundry St
E001219,broker,2011,288 Harbor Rd
E001220,firm,2012,146 Canal Rd
E001221,insurer,2020,783 Quartz St
E001222,forwarder,2008,230 Canal Blvd
E001223,forwarder,2006,11 Cedar Blvd
E001224,lab,2007,502 Cedar Rd
E001225,lab,2007,568 Foundry Blvd
E001226,broker,1990,902 Harbor St
E001227,firm,2024,212 Foundry Rd
E001228,firm,2000,606 Cedar Ave
E001229,insurer,1997,479 Canal Blvd
E001230,lab,2012,865 Harbor St
E001231,lab,1998,257 Quartz Rd
E001232,broker,2011,936 Quartz St
E001233,forwarder,2005,165 Quartz Ave
E001234,insurer,2012,482 Canal St
E001235,insurer,2005,266 Quartz St
E001236,broker,2024,632 Harbor Blvd
E001237,forwarder,1993,299 Cedar Blvd
E001238,insurer,2016,600 Quartz St
E001239,insurer,2017,76 Cedar Blvd
E001240,lab,2008,241 Canal Rd
E001241,broker,2006,272 Foundry Blvd
E001242,firm,2001,340 Foundry Blvd
E001243,firm,1999,105 Foundry Ave
E001244,insurer,2024,544 Quartz Ave
E001245,forwarder,1990,860 Canal Rd
E001246,broker,2024,833 Quartz Blvd
E001247,broker,2000,439 Cedar Blvd
E001248,broker,1992,116 Quartz Rd
E001249,lab,2005,234 Cedar Ave
E001250,broker,2022,793 Canal Ave
E001251,firm,2010,741 Cedar Blvd
E001252,broker,2005,689 Canal Ave
E001253,forwarder,2013,85 Cedar St
E001254,firm,1995,245 Harbor Blvd
E001255,broker,2018,179 Canal St
E001256,lab,2021,201 Canal Blvd
E001257,broker,2008,540 Cedar Ave
E001258,lab,1993,724 Foundry Rd
E001259,insurer,1999,662 Quartz Blvd
E001260,insurer,2019,291 Cedar St
E001261,forwarder,2003,685 Cedar Rd
E001262,firm,2006,285 Canal St
E001263,lab,2004,798 Harbor St
E001264,lab,2004,182 Quartz Rd
E001265,lab,2019,603 Canal Rd
E001266,broker,2019,794 Cedar Rd
E001267,broker,1993,706 Cedar Rd
E001268,lab,2017,501 Canal Rd
E001269,firm,2000,741 Quartz Ave
E001270,lab,1996,728 Foundry Blvd
E001271,insurer,2016,882 Cedar St
E001272,insurer,2001,971 Cedar Ave
E001273,firm,2019,919 Canal Rd
E001274,firm,2022,640 Quartz Ave
E001275,lab,1998,383 Quartz Ave
E001276,broker,2006,172 Harbor Blvd
E001277,lab,2021,978 Cedar Rd
E001278,broker,2009,857 Cedar Rd
E001279,insurer,2021,835 Foundry Rd
E001280,broker,2001,433 Cedar Rd
E001281,insurer,2008,746 Cedar St
E001282,broker,2006,653 Canal St
E001283,firm,2022,462 Cedar Blvd
E001284,forwarder,1994,955 Canal Blvd
E001285,firm,2024,802 Canal St
E001286,insurer,1999,554 Foundry Rd
E001287,firm,2013,600 Quartz Ave
E001288,forwarder,1992,551 Canal St
E001289,firm,2024,924 Foundry Rd
E001290,insurer,2014,273 Harbor Rd
E001291,firm,2021,468 Canal Blvd
E001292,forwarder,2003,157 Foundry St
E001293,insurer,1999,657 Foundry St
E001294,lab,2019,536 Canal St
E001295,broker,1993,898 Harbor St
E001296,broker,2003,309 Foundry St
E001297,lab,2004,545 Quartz St
E001298,broker,2025,73 Harbor St
E001299,forwarder,1996,934 Harbor Blvd
E001300,insurer,2000,70 Cedar St
E001301,forwarder,2009,369 Foundry Rd
E001302,forwarder,2008,332 Harbor Ave
E001303,lab,2001,811 Quartz Ave
E001304,firm,1992,276 Cedar Ave
E001305,lab,1998,82 Harbor Rd
E001306,broker,2003,879 Quartz St
E001307,broker,2019,483 Canal St
E001308,lab,2001,355 Harbor Ave
E001309,broker,2003,947 Foundry Rd
E001310,firm,2012,173 Quartz Rd
E001311,insurer,2012,339 Canal Ave
E001312,insurer,2011,960 Quartz St
E001313,insurer,1994,744 Canal St
E001314,forwarder,2025,653 Harbor St
E001315,insurer,2024,748 Quartz Ave
E001316,broker,2013,910 Canal Ave
E001317,insurer,2017,235 Foundry Ave
E001318,broker,2008,663 Harbor Ave
E001319,broker,1995,614 Cedar Rd
E001320,firm,1999,216 Cedar St
E001321,insurer,1999,485 Cedar Rd
E001322,broker,2006,609 Canal Blvd
E001323,broker,2023,232 Quartz Rd
E001324,lab,2001,441 Harbor Ave
E001325,forwarder,2024,295 Cedar St
E001326,forwarder,2007,815 Canal Ave
E001327,forwarder,2009,469 Canal Rd
E001328,broker,2022,786 Cedar Ave
E001329,insurer,1998,335 Foundry Blvd
E001330,forwarder,2008,397 Canal Ave
E001331,lab,2013,490 Canal St
E001332,forwarder,2010,950 Quartz St
E001333,broker,2016,353 Cedar St
E001334,forwarder,2004,258 Foundry Blvd
E001335,insurer,2014,264 Harbor Ave
E001336,forwarder,2021,989 Harbor Rd
E001337,forwarder,2013,616 Cedar St
E001338,broker,1995,906 Harbor Blvd
E001339,firm,2011,221 Canal Blvd
E001340,insurer,2016,856 Harbor Ave
E001341,forwarder,1991,599 Harbor Ave
E001342,insurer,2010,578 Harbor Ave
E001343,broker,1998,676 Canal Blvd
E001344,insurer,1992,617 Cedar Blvd
E001345,firm,2005,183 Cedar Blvd
E001346,insurer,2021,687 Harbor Blvd
E001347,firm,2015,781 Quartz Ave
E001348,insurer,1997,932 Foundry Blvd
E001349,insurer,2008,967 Foundry Ave
E001350,insurer,2001,666 Canal Blvd
E001351,firm,1996,601 Harbor Blvd
E001352,firm,2001,968 Canal Blvd
E001353,forwarder,2014,63 Foundry St
E001354,forwarder,2020,94 Foundry Blvd
E001355,broker,2007,297 Foundry Blvd
E001356,forwarder,1991,129 Quartz Rd
E001357,insurer,2024,735 Quartz St
E001358,insurer,2004,278 Foundry Blvd
E001359,insurer,2003,462 Quartz Blvd
E001360,broker,2011,747 Harbor St
E001361,lab,2009,925 Canal Blvd
E001362,broker,2007,612 Cedar St
E001363,lab,1991,634 Canal St
E001364,lab,1993,964 Harbor St
E001365,forwarder,1995,252 Cedar Rd
E001366,forwarder,1990,751 Foundry Rd
E001367,insurer,1993,827 Canal Blvd
E001368,lab,2018,10 Quartz Blvd
E001369,lab,2014,147 Canal Ave
E001370,broker,2011,942 Quartz St
E001371,lab,1996,715 Canal Rd
E001372,firm,2025,109 Harbor Blvd
E001373,broker,2010,161 Cedar Ave
E001374,lab,2024,206 Canal Blvd
E001375,forwarder,1999,576 Harbor Rd
E001376,insurer,2008,68 Canal St
E001377,insurer,2010,117 Foundry St
E001378,insurer,2008,433 Canal St
E001379,firm,2008,214 Cedar St
E001380,forwarder,2007,820 Cedar Ave
E001381,firm,1994,760 Canal St
E001382,broker,1995,737 Foundry St
E001383,broker,2003,106 Harbor Ave
E001384,forwarder,2017,792 Quartz Blvd
E001385,lab,1992,761 Cedar St
E001386,insurer,2002,993 Quartz St
E001387,lab,2014,202 Cedar Rd
E001388,forwarder,1990,34 Foundry St
E001389,forwarder,2012,847 Quartz Ave
E001390,broker,2005,81 Harbor Ave
E001391,broker,1993,56 Foundry Blvd
E001392,insurer,2007,542 Quartz Ave
E001393,insurer,2021,184 Harbor Rd
E001394,lab,2023,418 Cedar Ave
E001395,broker,2012,851 Quartz Blvd
E001396,lab,2007,188 Canal Rd
E001397,lab,2003,304 Quartz St
E001398,firm,2013,618 Foundry St
E001399,firm,2011,981 Canal Blvd
E001400,broker,2002,622 Harbor St
E001401,lab,2024,896 Canal St
E001402,forwarder,1992,598 Quartz St
E001403,broker,2001,429 Cedar Ave
E001404,firm,2015,357 Foundry Ave
E001405,forwarder,2006,910 Canal Blvd
E001406,broker,1992,596 Harbor Ave
E001407,firm,2001,96 Quartz Blvd
E001408,insurer,2006,174 Canal Ave
E001409,forwarder,2025,168 Quartz Rd
E001410,broker,2021,950 Canal Blvd
E001411,firm,2003,681 Cedar Ave
E001412,forwarder,2002,717 Foundry Rd
E001413,broker,1995,565 Foundry Blvd
E001414,lab,2016,782 Canal Rd
E001415,broker,2015,878 Harbor St
E001416,firm,1994,790 Cedar St
E001417,insurer,1995,348 Quartz Rd
E001418,insurer,2002,958 Harbor Blvd
E001419,forwarder,2004,863 Cedar Ave
E001420,firm,1992,333 Quartz St
E001421,forwarder,1995,129 Quartz St
E001422,firm,2013,699 Canal St
E001423,forwarder,2015,757 Canal St
E001424,insurer,1996,722 Canal St
E001425,forwarder,1997,252 Quartz Ave
E001426,insurer,2010,906 Harbor Rd
E001427,broker,2014,578 Cedar St
E001428,firm,2002,475 Cedar St
E001429,lab,2024,531 Canal Rd
E001430,broker,2016,992 Cedar Rd
E001431,forwarder,2022,894 Cedar Ave
E001432,forwarder,2017,504 Canal Ave
E001433,broker,2012,256 Cedar Ave
E001434,insurer,2015,756 Quartz Ave
E001435,forwarder,2013,960 Canal Ave
E001436,forwarder,2009,529 Foundry Rd
E001437,firm,1996,70 Foundry Ave
E001438,firm,2000,697 Cedar St
E001439,insurer,1994,839 Canal Blvd
E001440,lab,2016,971 Cedar Ave
E001441,broker,2014,561 Harbor Blvd
E001442,broker,2017,209 Harbor Ave
E001443,broker,2011,375 Harbor Blvd
E001444,lab,2022,91 Foundry Rd
E001445,insurer,2008,334 Canal Rd
E001446,broker,2022,566 Quartz Ave
E001447,insurer,1994,472 Cedar Rd
E001448,lab,2013,990 Foundry Ave
E001449,forwarder,2022,82 Canal Rd
E001450,broker,1993,694 Canal Blvd
E001451,forwarder,1993,263 Cedar Blvd
E001452,firm,2002,946 Quartz Rd
E001453,broker,2013,568 Quartz Blvd
E001454,forwarder,2019,457 Quartz Rd
E001455,insurer,2025,391 Cedar Rd
E001456,firm,2015,13 Canal St
E001457,forwarder,2006,345 Canal Ave
E001458,broker,1991,332 Canal Rd
E001459,broker,1991,701 Cedar St
E001460,firm,2025,941 Cedar Blvd
E001461,firm,1993,870 Cedar Ave
E001462,firm,2024,153 Cedar Blvd
E001463,forwarder,2009,480 Canal Rd
E001464,firm,2007,889 Harbor Rd
E001465,broker,2009,943 Quartz Blvd
E001466,broker,1990,973 Quartz Ave
E001467,firm,1993,587 Cedar Rd
E001468,lab,2013,871 Cedar Rd
E001469,broker,2011,654 Cedar Rd
E001470,lab,2020,215 Foundry St
E001471,insurer,2025,982 Quartz Rd
E001472,firm,2013,755 Foundry Rd
E001473,forwarder,2019,761 Cedar Blvd
E001474,insurer,2021,523 Cedar Blvd
E001475,lab,2024,324 Quartz Blvd
E001476,forwarder,1998,550 Cedar Rd
E001477,lab,1994,478 Foundry Ave
E001478,forwarder,2015,34 Harbor Rd
E001479,broker,2023,772 Cedar St
E001480,insurer,2016,884 Canal Rd
E001481,insurer,1997,815 Foundry St
E001482,insurer,1996,781 Harbor Ave
E001483,lab,1992,886 Cedar Rd
E001484,lab,2002,804 Cedar St
E001485,lab,2011,603 Quartz St
E001486,insurer,2008,44 Harbor St
E001487,firm,2025,469 Canal Rd
E001488,firm,2002,378 Quartz Blvd
E001489,firm,1992,179 Canal Ave
E001490,broker,2014,189 Cedar Ave
E001491,forwarder,1994,870 Harbor Ave
E001492,broker,2025,180 Harbor Rd
E001493,lab,2001,782 Harbor Rd
E001494,broker,2023,456 Harbor St
E001495,forwarder,2003,811 Cedar Blvd
E001496,lab,2016,797 Quartz Blvd
E001497,forwarder,2004,292 Harbor Ave
E001498,lab,2021,585 Cedar Rd
E001499,insurer,2014,603 Harbor St
E001500,lab,2009,193 Cedar Ave
E001501,broker,2021,299 Foundry Rd
E001502,forwarder,2024,403 Harbor St
E001503,firm,1997,949 Canal Rd
E001504,insurer,1997,400 Harbor Rd
E001505,lab,2008,550 Quartz Blvd
E001506,insurer,2023,741 Harbor Blvd
E001507,broker,1997,275 Canal Rd
E001508,broker,2013,777 Cedar St
E001509,insurer,2020,557 Canal Blvd
E001510,insurer,1994,875 Foundry St
E001511,lab,2020,81 Quartz Blvd
E001512,forwarder,1990,927 Foundry St
E001513,firm,1992,310 Quartz Rd
E001514,forwarder,2022,670 Cedar Rd
E001515,lab,2014,942 Harbor Rd
E001516,insurer,2017,581 Harbor St
E001517,insurer,1993,248 Harbor St
E001518,firm,2022,389 Quartz Blvd
E001519,broker,2017,475 Foundry Ave
E001520,lab,1992,80 Canal Ave
E001521,insurer,2015,911 Foundry Ave
E001522,broker,1993,69 Canal Ave
E001523,lab,2001,647 Canal St
E001524,insurer,2000,797 Harbor St
E001525,forwarder,1996,546 Foundry St
E001526,firm,1997,820 Canal St
E001527,lab,2019,634 Foundry Blvd
E001528,forwarder,2001,507 Canal Blvd
E001529,firm,1993,429 Foundry Rd
E001530,lab,2014,779 Harbor Ave
E001531,lab,1999,650 Foundry St
E001532,lab,2007,685 Harbor St
E001533,broker,1996,707 Harbor Blvd
E001534,forwarder,2008,619 Quartz Rd
E001535,lab,2024,660 Canal St
E001536,lab,2018,202 Cedar St
E001537,firm,2007,187 Canal Ave
E001538,insurer,1992,334 Cedar Blvd
E001539,firm,2017,905 Harbor Ave
E001540,lab,2009,737 Canal St
E001541,firm,2012,888 Quartz Blvd
E001542,forwarder,2017,247 Quartz Blvd
E001543,broker,2018,528 Quartz St
E001544,lab,2021,564 Quartz Blvd
E001545,forwarder,2011,738 Harbor Blvd
E001546,lab,1998,579 Cedar Ave
E001547,lab,2020,128 Canal Ave
E001548,firm,2019,628 Harbor St
E001549,lab,2010,295 Quartz St
E001550,broker,2015,703 Cedar Rd
E001551,broker,2014,566 Canal Rd
E001552,firm,1997,915 Harbor St
E001553,broker,1998,662 Quartz Blvd
E001554,insurer,2005,497 Harbor St
E001555,broker,2025,973 Harbor Blvd
E001556,lab,2008,530 Harbor Blvd
E001557,broker,1997,325 Canal Blvd
E001558,lab,1995,613 Quartz Ave
E001559,firm,2019,981 Foundry St
E001560,broker,2024,582 Cedar St
E001561,insurer,1991,658 Canal Ave
E001562,firm,2005,838 Canal Rd
E001563,broker,2006,164 Quartz Blvd
E001564,forwarder,2025,443 Canal Rd
E001565,broker,2000,490 Quartz Blvd
E001566,lab,1990,188 Cedar Blvd
E001567,firm,1994,964 Quartz Rd
E001568,broker,2004,572 Foundry Blvd
E001569,forwarder,2007,753 Harbor Rd
E001570,broker,1995,48 Canal Ave
E001571,broker,2009,947 Cedar Blvd
E001572,firm,1997,564 Foundry St
E001573,forwarder,1997,589 Harbor Rd
E001574,lab,2007,514 Canal Rd
E001575,insurer,2009,328 Canal Rd
E001576,broker,2009,826 Cedar Rd
E001577,firm,2018,319 Quartz Ave
E001578,forwarder,2009,805 Quartz Rd
E001579,forwarder,2006,16 Cedar Blvd
E001580,firm,2004,358 Canal Blvd
E001581,firm,1995,262 Cedar Ave
E001582,broker,2001,423 Cedar Ave
E001583,lab,1997,504 Quartz Ave
E001584,insurer,2014,148 Harbor St
E001585,forwarder,2013,216 Quartz Rd
E001586,firm,1990,825 Cedar Rd
E001587,firm,1995,150 Quartz Blvd
E001588,lab,2000,208 Canal Ave
E001589,firm,2012,319 Cedar Blvd
E001590,lab,2021,391 Harbor Blvd
E001591,broker,2008,434 Harbor Ave
E001592,forwarder,2005,494 Canal St
E001593,broker,1993,324 Harbor Ave
E001594,broker,2019,825 Cedar Ave
E001595,firm,2000,580 Foundry Ave
E001596,insurer,2005,972 Quartz Rd
E001597,broker,2002,306 Harbor St
E001598,insurer,1997,884 Foundry Blvd
E001599,lab,2007,526 Foundry Blvd
E001600,forwarder,2024,868 Harbor Ave
E001601,broker,2022,599 Foundry Ave
E001602,broker,2017,815 Canal St
E001603,firm,2000,102 Quartz St
E001604,insurer,2018,798 Canal Blvd
E001605,broker,2024,586 Harbor St
E001606,insurer,1992,890 Foundry Rd
E001607,insurer,2022,50 Harbor Ave
E001608,broker,2013,156 Cedar St
E001609,insurer,1997,352 Canal Ave
E001610,forwarder,1993,999 Harbor Blvd
E001611,broker,2021,755 Foundry Blvd
E001612,insurer,2012,300 Cedar Blvd
E001613,broker,1995,88 Harbor Ave
E001614,firm,2022,526 Harbor Blvd
E001615,broker,2023,445 Harbor Blvd
E001616,broker,2000,356 Canal Blvd
E001617,broker,2008,184 Canal St
E001618,insurer,2015,945 Quartz Ave
E001619,lab,1994,560 Canal Blvd
E001620,insurer,1996,331 Canal Blvd
E001621,firm,2015,668 Cedar Blvd
E001622,insurer,1994,684 Quartz Blvd
E001623,lab,1990,308 Cedar Rd
E001624,lab,1994,449 Quartz Ave
E001625,broker,2022,771 Quartz Blvd
E001626,firm,2001,761 Foundry St
E001627,insurer,2016,584 Quartz Ave
E001628,firm,2018,808 Canal St
E001629,insurer,2022,374 Harbor Rd
E001630,insurer,2023,292 Canal Rd
E001631,lab,2010,219 Canal Blvd
E001632,insurer,2007,306 Foundry Rd
E001633,lab,1995,811 Harbor Rd
E001634,broker,2002,89 Harbor Ave
E001635,firm,1996,128 Cedar St
E001636,insurer,2021,713 Cedar Blvd
E001637,firm,2001,40 Canal St
E001638,insurer,2022,540 Foundry Blvd
E001639,firm,2000,986 Harbor Blvd
E001640,lab,2003,371 Cedar St
E001641,broker,2014,68 Cedar Ave
E001642,forwarder,2006,789 Quartz Ave
E001643,firm,2023,364 Canal Blvd
E001644,broker,1998,49 Harbor Blvd
E001645,forwarder,2017,571 Cedar Blvd
E001646,broker,2022,501 Quartz St
E001647,forwarder,1995,953 Foundry Blvd
E001648,broker,2003,622 Harbor Blvd
E001649,broker,1999,401 Cedar Ave
E001650,forwarder,2003,608 Cedar Blvd
E001651,lab,1994,259 Cedar Ave
E001652,lab,2005,16 Quartz St
E001653,insurer,2014,201 Foundry Ave
E001654,lab,2022,193 Canal St
E001655,insurer,2010,60 Harbor Blvd
E001656,insurer,2007,256 Quartz St
E001657,forwarder,2000,505 Cedar Rd
E001658,lab,2023,133 Canal Ave
E001659,firm,2009,175 Cedar Blvd
E001660,forwarder,2025,907 Harbor Blvd
E001661,forwarder,1999,374 Harbor Rd
E001662,lab,2010,119 Cedar St
E001663,insurer,2003,360 Harbor Blvd
E001664,lab,2000,627 Quartz Blvd
E001665,lab,1992,294 Cedar St
E001666,lab,1991,424 Foundry St
E001667,firm,2023,270 Quartz Ave
E001668,insurer,2003,100 Cedar St
E001669,lab,2023,383 Harbor Blvd
E001670,firm,2005,971 Canal St
E001671,lab,2001,292 Quartz Rd
E001672,firm,2005,391 Harbor Ave
E001673,broker,2007,297 Harbor Ave
E001674,lab,1999,498 Foundry St
E001675,broker,2012,489 Foundry Rd
E001676,broker,2025,839 Canal Rd
E001677,firm,2006,490 Canal Ave
E001678,broker,2018,450 Canal St
E001679,firm,2008,412 Cedar St
E001680,firm,2019,317 Canal Ave
E001681,broker,2017,969 Quartz Rd
E001682,broker,1999,154 Quartz Ave
E001683,broker,2022,205 Foundry Blvd
E001684,broker,1993,678 Harbor St
E001685,firm,2020,648 Quartz Rd
E001686,firm,2016,433 Canal Blvd
E001687,broker,1993,221 Canal Rd
E001688,lab,2001,154 Cedar Ave
E001689,lab,2012,53 Canal Rd
E001690,lab,2003,777 Canal St
E001691,forwarder,2021,978 Cedar Rd
E001692,broker,2012,188 Canal St
E001693,insurer,1995,173 Cedar Rd
E001694,broker,2005,797 Quartz Ave
E001695,firm,2019,501 Cedar Rd
E001696,lab,2009,648 Quartz St
E001697,lab,2024,816 Foundry Rd
E001698,lab,2017,734 Foundry Rd
E001699,lab,1994,447 Foundry Blvd
E001700,firm,1998,413 Quartz St
E001701,firm,2009,868 Foundry Rd
E001702,firm,2022,730 Harbor Ave
E001703,firm,2018,621 Cedar Ave
E001704,broker,2013,381 Quartz Ave
E001705,forwarder,2006,238 Cedar Ave
E001706,lab,2020,439 Cedar Rd
E001707,firm,2006,622 Quartz St
E001708,forwarder,2001,449 Cedar Rd
E001709,firm,2023,744 Canal Blvd
E001710,forwarder,2011,615 Cedar Blvd
E001711,insurer,2015,377 Canal St
E001712,broker,2023,478 Cedar Blvd
E001713,forwarder,2010,61 Harbor Rd
E001714,firm,2017,921 Quartz Rd
E001715,lab,2025,675 Cedar Blvd
E001716,lab,2010,389 Harbor Rd
E001717,insurer,1992,197 Canal St
E001718,insurer,2002,408 Quartz Rd
E001719,insurer,2015,637 Cedar Rd
E001720,firm,2002,359 Harbor Blvd
E001721,firm,2016,289 Canal St
E001722,insurer,2008,557 Foundry Ave
E001723,firm,2023,210 Cedar Blvd
E001724,insurer,2004,140 Foundry Blvd
E001725,firm,1999,874 Quartz Rd
E001726,broker,2013,74 Foundry St
E001727,forwarder,2011,417 Quartz Rd
E001728,broker,2003,181 Harbor Ave
E001729,broker,2015,381 Quartz Ave
E001730,broker,1999,462 Harbor Rd
E001731,broker,2005,368 Harbor Rd
E001732,broker,2019,802 Harbor Blvd
E001733,broker,1995,901 Canal Ave
E001734,firm,2012,645 Quartz Ave
E001735,firm,2019,324 Canal Rd
E001736,forwarder,2013,930 Quartz St
E001737,firm,2012,270 Harbor St
E001738,firm,2016,786 Foundry Ave
E001739,lab,1990,271 Harbor Ave
E001740,firm,1992,97 Cedar Rd
E001741,broker,2001,171 Foundry Ave
E001742,firm,2008,23 Quartz Ave
E001743,forwarder,2018,92 Foundry Rd
E001744,lab,1995,778 Canal Blvd
E001745,firm,2015,662 Quartz Ave
E001746,lab,2010,778 Harbor Ave
E001747,firm,2019,740 Harbor Blvd
E001748,insurer,2001,714 Cedar Rd
E001749,insurer,2013,949 Foundry St
E001750,lab,2014,244 Foundry Rd
E001751,insurer,2019,509 Foundry Blvd
E001752,firm,2002,588 Cedar Blvd
E001753,forwarder,1999,269 Foundry Rd
E001754,lab,1998,248 Harbor Ave
E001755,broker,2011,675 Cedar St
E001756,firm,2014,211 Quartz Ave
E001757,insurer,1999,361 Harbor Blvd
E001758,insurer,1993,902 Harbor Blvd
E001759,broker,2008,709 Canal St
E001760,insurer,2011,481 Canal Ave
E001761,broker,1997,754 Cedar Blvd
E001762,broker,2022,309 Harbor Rd
E001763,broker,1994,269 Cedar Rd
E001764,forwarder,2014,773 Canal Blvd
E001765,lab,2000,910 Quartz St
E001766,forwarder,2019,339 Foundry St
E001767,firm,2011,846 Cedar Rd
E001768,insurer,2022,610 Canal Blvd
E001769,firm,1997,147 Canal St
E001770,firm,1996,702 Canal Ave
E001771,firm,2001,500 Quartz Blvd
E001772,forwarder,2025,722 Quartz Ave
E001773,firm,2012,401 Harbor Blvd
E001774,insurer,2005,156 Cedar Ave
E001775,lab,2007,379 Foundry Ave
E001776,forwarder,2009,631 Canal Ave
E001777,lab,1995,80 Cedar Blvd
E001778,forwarder,1996,799 Foundry Blvd
E001779,forwarder,2010,199 Canal Rd
E001780,broker,2013,51 Canal Blvd
E001781,firm,2001,488 Foundry Ave
E001782,lab,1996,702 Harbor Blvd
E001783,forwarder,1993,839 Quartz Ave
E001784,lab,2022,431 Harbor Ave
E001785,firm,2011,772 Cedar St
E001786,forwarder,1992,570 Quartz St
E001787,lab,2004,122 Foundry Rd
E001788,forwarder,2001,246 Canal Ave
E001789,lab,2011,918 Harbor Blvd
E001790,broker,2005,826 Foundry Rd
E001791,lab,2024,864 Canal Ave
E001792,lab,2012,72 Cedar Blvd
E001793,firm,1997,499 Canal Ave
E001794,lab,1994,949 Foundry Blvd
E001795,insurer,1997,845 Foundry Blvd
E001796,broker,2008,400 Quartz Blvd
E001797,firm,2004,110 Cedar Rd
E001798,lab,2025,973 Cedar Blvd
E001799,firm,2022,196 Cedar Ave
E001800,lab,1991,605 Quartz Rd
E001801,broker,2007,592 Canal Ave
E001802,forwarder,2016,147 Canal Ave
E001803,lab,1991,688 Cedar Blvd
E001804,insurer,1998,208 Foundry St
E001805,forwarder,2004,981 Cedar St
E001806,firm,2000,682 Foundry Rd
E001807,insurer,1997,569 Foundry Blvd
E001808,lab,2015,895 Foundry Blvd
E001809,lab,2014,695 Cedar Blvd
E001810,firm,2013,537 Harbor Ave
E001811,insurer,2013,527 Cedar St
E001812,lab,2014,382 Canal Rd
E001813,insurer,2016,936 Cedar Blvd
E001814,lab,2019,511 Cedar Ave
E001815,broker,2016,293 Foundry Rd
E001816,firm,1998,111 Harbor Rd
E001817,forwarder,1997,409 Cedar Ave
E001818,firm,2009,492 Foundry Rd
E001819,forwarder,2022,986 Harbor Ave
E001820,insurer,2006,898 Harbor Ave
E001821,firm,2019,714 Foundry Ave
E001822,lab,2012,493 Canal St
E001823,lab,2007,258 Quartz Ave
E001824,lab,2020,403 Canal Blvd
E001825,forwarder,2006,11 Quartz Rd
E001826,insurer,1991,652 Canal Ave
E001827,lab,2014,101 Cedar St
E001828,lab,2024,960 Canal Ave
E001829,insurer,2012,632 Quartz St
E001830,forwarder,2020,536 Foundry Ave
E001831,firm,1995,695 Quartz Ave
E001832,insurer,2023,821 Foundry Rd
E001833,insurer,2009,521 Canal St
E001834,forwarder,2008,577 Foundry Blvd
E001835,firm,2005,505 Harbor Ave
E001836,firm,2010,25 Cedar Rd
E001837,forwarder,1991,659 Cedar Rd
E001838,lab,2020,580 Quartz St
E001839,broker,2021,849 Cedar Ave
E001840,broker,2017,45 Harbor Ave
E001841,firm,2018,574 Quartz Blvd
E001842,lab,2009,270 Cedar St
E001843,firm,1999,254 Harbor Blvd
E001844,lab,2016,374 Foundry Rd
E001845,firm,2000,811 Harbor Rd
E001846,forwarder,2002,158 Canal Blvd
E001847,forwarder,2017,336 Cedar Ave
E001848,forwarder,1997,316 Canal St
E001849,insurer,2016,385 Foundry Blvd
E001850,insurer,2022,466 Foundry Rd
E001851,firm,2022,547 Cedar St
E001852,insurer,2010,220 Quartz Rd
E001853,firm,2005,31 Canal Blvd
E001854,firm,2019,756 Cedar Ave
E001855,lab,2020,244 Quartz St
E001856,broker,2005,63 Canal Rd
E001857,insurer,2009,690 Canal Rd
E001858,forwarder,1991,118 Cedar Ave
E001859,firm,2001,941 Cedar St
E001860,lab,1996,235 Quartz Blvd
E001861,broker,2019,394 Foundry St
E001862,lab,2012,341 Foundry Ave
E001863,insurer,1997,824 Foundry St
E001864,forwarder,2003,244 Cedar Ave
E001865,broker,1998,640 Canal St
E001866,broker,1993,691 Harbor Ave
E001867,broker,2013,28 Harbor Rd
E001868,broker,1998,124 Canal Ave
E001869,lab,2001,378 Harbor Blvd
E001870,firm,2025,536 Harbor Rd
E001871,firm,1994,764 Canal Ave
E001872,broker,2014,886 Quartz Rd
E001873,lab,2003,845 Canal Blvd
E001874,insurer,2006,863 Harbor St
E001875,lab,2023,812 Quartz St
E001876,firm,2011,548 Cedar Ave
E001877,firm,1995,936 Harbor Ave
E001878,broker,2009,976 Harbor St
E001879,firm,1995,704 Canal Blvd
E001880,insurer,2016,252 Cedar Blvd
E001881,forwarder,2002,483 Quartz Blvd
E001882,lab,1995,963 Harbor St
E001883,lab,1997,41 Foundry Ave
E001884,broker,1998,121 Quartz Ave
E001885,firm,2017,637 Canal Rd
E001886,broker,2011,127 Harbor Rd
E001887,broker,2013,470 Harbor Ave
E001888,forwarder,2008,868 Canal Blvd
E001889,firm,2020,868 Harbor St
E001890,forwarder,1998,516 Quartz Rd
E001891,broker,1994,414 Harbor Rd
E001892,broker,2007,956 Harbor Ave
E001893,insurer,2013,41 Cedar St
E001894,broker,2016,890 Foundry Rd
E001895,lab,2022,217 Quartz St
E001896,firm,1993,844 Canal St
E001897,lab,2009,690 Canal Ave
E001898,insurer,1992,25 Harbor Ave
E001899,insurer,2011,153 Harbor Blvd
E001900,broker,1990,606 Foundry Blvd
E001901,firm,2011,340 Cedar Rd
E001902,firm,2013,527 Cedar Ave
E001903,firm,2000,355 Quartz Blvd
E001904,insurer,2009,490 Canal Ave
E001905,forwarder,1992,314 Harbor Rd
E001906,firm,2000,610 Foundry Ave
E001907,insurer,2007,228 Foundry Rd
E001908,broker,2012,127 Canal Rd
E001909,insurer,1996,796 Foundry Ave
E001910,firm,2010,836 Cedar Rd
E001911,broker,2010,295 Harbor Blvd
E001912,insurer,1994,678 Canal Blvd
E001913,forwarder,2015,57 Quartz St
E001914,insurer,1993,112 Quartz Blvd
E001915,firm,2020,494 Cedar St
E001916,lab,2009,971 Canal Rd
E001917,lab,2002,151 Harbor St
E001918,forwarder,1998,167 Cedar Rd
E001919,insurer,2020,273 Cedar Ave
E001920,forwarder,2016,113 Canal Ave
E001921,lab,2011,13 Harbor Blvd
E001922,insurer,2004,395 Canal Rd
E001923,lab,2019,173 Quartz Blvd
E001924,broker,2019,331 Foundry Rd
E001925,broker,1999,434 Quartz Ave
E001926,firm,2009,339 Cedar St
E001927,firm,2019,640 Cedar St
E001928,broker,1998,449 Quartz Ave
E001929,insurer,2007,259 Quartz Blvd
E001930,insurer,2005,37 Quartz Rd
E001931,broker,2008,621 Canal St
E001932,insurer,1991,358 Canal Blvd
E001933,broker,1994,369 Foundry Rd
E001934,firm,2001,563 Harbor St
E001935,broker,2001,822 Foundry St
E001936,broker,2001,878 Foundry Ave
E001937,forwarder,2011,147 Harbor Ave
E001938,broker,2020,128 Cedar Blvd
E001939,broker,1997,605 Cedar Ave
E001940,forwarder,2000,361 Harbor Ave
E001941,insurer,1991,95 Quartz Blvd
E001942,forwarder,2015,108 Cedar Ave
E001943,broker,2018,605 Foundry Rd
E001944,firm,2021,844 Cedar Ave
E001945,lab,2003,404 Cedar St
E001946,forwarder,2018,602 Harbor Rd
E001947,lab,2012,47 Foundry St
E001948,lab,2003,437 Quartz Ave
E001949,broker,2018,530 Canal Ave
E001950,firm,1992,173 Canal Blvd
E001951,forwarder,2006,364 Canal Blvd
E001952,lab,2013,83 Harbor Ave
E001953,forwarder,2013,701 Quartz Blvd
E001954,insurer,2001,465 Cedar Blvd
E001955,insurer,2013,503 Canal Blvd
E001956,forwarder,2010,744 Quartz Rd
E001957,firm,2020,561 Canal Rd
E001958,forwarder,1994,429 Quartz Blvd
E001959,firm,2012,540 Cedar Ave
E001960,broker,2006,972 Quartz Blvd
E001961,forwarder,2018,262 Cedar St
E001962,broker,1993,676 Quartz Blvd
E001963,firm,1991,557 Quartz St
E001964,broker,2017,782 Quartz Rd
E001965,insurer,2006,499 Quartz Blvd
E001966,lab,2021,474 Foundry Rd
E001967,forwarder,2024,510 Foundry St
E001968,lab,1991,874 Harbor St
E001969,insurer,2005,358 Foundry Ave
E001970,broker,2017,78 Quartz Ave
E001971,broker,2024,768 Foundry Ave
E001972,insurer,2024,869 Foundry Rd
E001973,firm,2021,540 Cedar St
E001974,broker,2002,165 Harbor Rd
E001975,broker,2005,846 Harbor Rd
E001976,lab,2023,663 Quartz St
E001977,lab,2016,918 Harbor Rd
E001978,insurer,2008,759 Harbor St
E001979,insurer,2019,632 Quartz Rd
E001980,insurer,2004,797 Cedar Ave
E001981,broker,1990,651 Canal St
E001982,forwarder,2015,760 Quartz Blvd
E001983,insurer,2007,173 Harbor Blvd
E001984,firm,2008,78 Cedar Rd
E001985,broker,1996,919 Harbor Blvd
E001986,lab,2021,341 Cedar Ave
E001987,broker,2014,325 Quartz Ave
E001988,insurer,2002,648 Quartz Rd
E001989,insurer,2004,225 Harbor Rd
E001990,lab,2011,990 Quartz Rd
E001991,lab,2024,316 Quartz Rd
E001992,lab,2015,400 Quartz Rd
E001993,broker,2021,173 Quartz Ave
E001994,firm,2021,156 Foundry St
E001995,lab,2018,965 Harbor Rd
E001996,lab,1999,664 Cedar Blvd
E001997,lab,2000,155 Canal Rd
E001998,insurer,2008,198 Canal Blvd
E001999,insurer,1994,494 Foundry Blvd
