link_id,entity_id,topic,score
R000000,E000525,topic,0.8821
R000001,E001933,topic,0.6638
R000002,E001747,topic,0.1005
R000003,E000302,topic,0.6549
R000004,E000400,topic,0.5563
R000005,E001316,topic,0.7085
R000006,E000275,topic,0.1867
R000007,E001770,topic,0.431
R000008,E001344,topic,0.8058
R000009,E000982,topic,0.9491
R000010,E000011,topic,0.6563
R000011,E000618,topic,0.2122
R000012,E000803,topic,0.7526
R000013,E001741,topic,0.2094
R000014,E001253,topic,0.5802
R000015,E001032,topic,0.2151
R000016,E001518,topic,0.1749
R000017,E001642,topic,0.5977
R000018,E001014,topic,0.0782
R000019,E001935,topic,0.4672
R000020,E000346,topic,0.2091
R000021,E000598,topic,0.3691
R000022,E001993,topic,0.5531
R000023,E001999,topic,0.9251
R000024,E001436,topic,0.7602
R000025,E000016,topic,0.9683
R000026,E000350,topic,0.0306
R000027,E001175,topic,0.1271
R000028,E000310,topic,0.2538
R000029,E001647,topic,0.8161
R000030,E000420,topic,0.1047
R000031,E000753,topic,0.5
R000032,E001337,topic,0.3653
R000033,E001647,topic,0.8999
R000034,E000631,topic,0.8518
R000035,E001453,topic,0.5414
R000036,E000565,topic,0.6735
R000037,E001325,topic,0.2358
R000038,E001072,topic,0.6117
R000039,E000367,topic,0.2388
R000040,E000245,topic,0.1161
R000041,E001688,topic,0.2237
R000042,E000733,topic,0.7644
R000043,E001657,topic,0.5332
R000044,E001210,topic,0.3082
R000045,E000067,topic,0.2458
R000046,E000285,topic,0.6074
R000047,E000543,topic,0.2731
R000048,E001903,topic,0.0527
R000049,E001969,topic,0.8197
R000050,E001127,topic,0.5857
R000051,E000918,topic,0.628
R000052,E001929,topic,0.0569
R000053,E001641,topic,0.1209
R000054,E001790,topic,0.7923
R000055,E001247,topic,0.6554
R000056,E001388,topic,0.7447
R000057,E000385,topic,0.1426
R000058,E000080,topic,0.2178
R000059,E000821,topic,0.4304
R000060,E001360,topic,0.4593
R000061,E000623,topic,0.0435
R000062,E000272,topic,0.9488
R000063,E000285,topic,0.8581
R000064,E001641,topic,0.2472
R000065,E001759,topic,0.9717
R000066,E001241,topic,0.4846
R000067,E000094,topic,0.7968
R000068,E000991,topic,0.1984
R000069,E000620,topic,0.8966
R000070,E001191,topic,0.6277
R000071,E000989,topic,0.0804
R000072,E001846,topic,0.8733
R000073,E000491,topic,0.9394
R000074,E000159,topic,0.8736
R000075,E000261,topic,0.7846
R000076,E001321,topic,0.6577
R000077,E000722,topic,0.5423
R000078,E001771,topic,0.236
R000079,E001513,topic,0.195
R000080,E001006,topic,0.4658
R000081,E000701,topic,0.986
R000082,E001901,topic,0.677
R000083,E000684,topic,0.9729
R000084,E000168,topic,0.564
R000085,E000810,topic,0.1485
R000086,E001114,topic,0.6506
R000087,E001283,topic,0.8785
R000088,E001540,topic,0.8565
R000089,E001953,topic,0.5318
R000090,E000634,topic,0.8025
R000091,E001731,topic,0.3983
R000092,E000988,topic,0.0011
R000093,E000265,topic,0.1978
R000094,E001375,topic,0.8959
R000095,E000235,topic,0.9782
R000096,E000256,topic,0.9112
R000097,E000885,topic,0.6322
R000098,E001522,topic,0.9537
R000099,E000585,topic,0.6452
R000100,E000467,topic,0.857
R000101,E001296,topic,0.8837
R000102,E001506,topic,0.6169
R000103,E000197,topic,0.7452
R000104,E000636,topic,0.3851
R000105,E001787,topic,0.0716
R000106,E000761,topic,0.5523
R000107,E001876,topic,0.7131
R000108,E001026,topic,0.6701
R000109,E001116,topic,0.8178
R000110,E000514,topic,0.0956
R000111,E000105,topic,0.7668
R000112,E001963,topic,0.8872
R000113,E000432,topic,0.2144
R000114,E001211,topic,0.7656
R000115,E001459,topic,0.8958
R000116,E001603,topic,0.1968
R000117,E000884,topic,0.8908
R000118,E000670,topic,0.3992
R000119,E001444,topic,0.4763
R000120,E001789,topic,0.9985
R000121,E001984,topic,0.7192
R000122,E000367,topic,0.6676
R000123,E001115,topic,0.7363
R000124,E000657,topic,0.0094
R000125,E000601,topic,0.6916
R000126,E000472,topic,0.5534
R000127,E001906,topic,0.9256
R000128,E000584,topic,0.7348
R000129,E000565,topic,0.6969
R000130,E000085,topic,0.7455
R000131,E001994,topic,0.882
R000132,E000434,topic,0.1913
R000133,E000352,topic,0.4067
R000134,E001638,topic,0.2172
R000135,E001569,topic,0.1566
R000136,E000915,topic,0.7406
R000137,E001382,topic,0.1942
R000138,E000705,topic,0.4983
R000139,E000609,topic,0.542
R000140,E001234,topic,0.4362
R000141,E001081,topic,0.8009
R000142,E001051,topic,0.1968
R000143,E000471,topic,0.2008
R000144,E001155,topic,0.1005
R000145,E000121,topic,0.2851
R000146,E000030,topic,0.7623
R000147,E001594,topic,0.2718
R000148,E001004,topic,0.1432
R000149,E001451,topic,0.3598
R000150,E001593,topic,0.925
R000151,E001761,topic,0.8598
R000152,E001444,topic,0.1322
R000153,E000753,topic,0.366
R000154,E001027,topic,0.9045
R000155,E001764,topic,0.8364
R000156,E001094,topic,0.2389
R000157,E001562,topic,0.7508
R000158,E000485,topic,0.5595
R000159,E001984,topic,0.2757
R000160,E001042,topic,0.3557
R000161,E000215,topic,0.5206
R000162,E000854,topic,0.3448
R000163,E001789,topic,0.9267
R000164,E000299,topic,0.0257
R000165,E001762,topic,0.7753
R000166,E001730,topic,0.77
R000167,E001323,topic,0.6321
R000168,E001739,topic,0.9586
R000169,E000723,topic,0.3029
R000170,E001772,topic,0.7079
R000171,E000852,topic,0.5289
R000172,E001183,topic,0.7968
R000173,E001824,topic,0.5615
R000174,E001895,topic,0.8298
R000175,E000371,topic,0.6414
R000176,E001332,topic,0.366
R000177,E001066,topic,0.3095
R000178,E001813,topic,0.0608
R000179,E000031,topic,0.8258
R000180,E000776,topic,0.6543
R000181,E000136,topic,0.4688
R000182,E000743,topic,0.183
R000183,E000409,topic,0.7897
R000184,E001459,topic,0.6793
R000185,E000696,topic,0.0439
R000186,E001538,topic,0.3156
R000187,E000292,topic,0.6236
R000188,E001184,topic,0.471
R000189,E001655,topic,0.4313
R000190,E001614,topic,0.1181
R000191,E000310,topic,0.4309
R000192,E001547,topic,0.1408
R000193,E001502,topic,0.8825
R000194,E000835,topic,0.8635
R000195,E001522,topic,0.1803
R000196,E000205,topic,0.7543
R000197,E000032,topic,0.1279
R000198,E001368,topic,0.5255
R000199,E001909,topic,0.6673
R000200,E000297,topic,0.1663
R000201,E001314,topic,0.8654
R000202,E001406,topic,0.3418
R000203,E000405,topic,0.1807
R000204,E000327,topic,0.3037
R000205,E000632,topic,0.0461
R000206,E000091,topic,0.2333
R000207,E001844,topic,0.5142
R000208,E000960,topic,0.0215
R000209,E000512,topic,0.3544
R000210,E001990,topic,0.5743
R000211,E000691,topic,0.7352
R000212,E000295,topic,0.9066
R000213,E001400,topic,0.8293
R000214,E001231,topic,0.3787
R000215,E001488,topic,0.1448
R000216,E001856,topic,0.3959
R000217,E001173,topic,0.9886
R000218,E000199,topic,0.1936
R000219,E000035,topic,0.9355
R000220,E001633,topic,0.3219
R000221,E000232,topic,0.7894
R000222,E000732,topic,0.2461
R000223,E000244,topic,0.6763
R000224,E001728,topic,0.7654
R000225,E001334,topic,0.4044
R000226,E000178,topic,0.2887
R000227,E000040,topic,0.3269
R000228,E000993,topic,0.7955
R000229,E001335,topic,0.9561
R000230,E001596,topic,0.8705
R000231,E000665,topic,0.8089
R000232,E001631,topic,0.7309
R000233,E001755,topic,0.3431
R000234,E001916,topic,0.8163
R000235,E001646,topic,0.9232
R000236,E000335,topic,0.3923
R000237,E001025,topic,0.414
R000238,E000715,topic,0.7618
R000239,E000269,topic,0.887
R000240,E001909,topic,0.6474
R000241,E001494,topic,0.9225
R000242,E001026,topic,0.2001
R000243,E001644,topic,0.5537
R000244,E000477,topic,0.058
R000245,E000824,topic,0.1981
R000246,E001004,topic,0.5232
R000247,E001344,topic,0.1251
R000248,E000927,topic,0.7242
R000249,E000943,topic,0.2627
R000250,E001303,topic,0.5224
R000251,E000080,topic,0.7797
R000252,E001969,topic,0.7428
R000253,E000962,topic,0.8677
R000254,E001194,topic,0.2359
R000255,E001096,topic,0.7461
R000256,E001138,topic,0.8387
R000257,E000823,topic,0.8986
R000258,E000369,topic,0.9451
R000259,E000009,topic,0.4844
R000260,E001351,topic,0.2047
R000261,E001329,topic,0.7636
R000262,E001271,topic,0.5229
R000263,E000516,topic,0.3477
R000264,E000567,topic,0.0835
R000265,E000456,topic,0.1599
R000266,E001116,topic,0.8048
R000267,E001433,topic,0.4996
R000268,E001559,topic,0.8139
R000269,E000534,topic,0.2687
R000270,E001586,topic,0.7411
R000271,E000923,topic,0.0542
R000272,E000396,topic,0.4622
R000273,E000077,topic,0.552
R000274,E001275,topic,0.3793
R000275,E000023,topic,0.3886
R000276,E001686,topic,0.9618
R000277,E000990,topic,0.9452
R000278,E001750,topic,0.1084
R000279,E001395,topic,0.0347
R000280,E000481,topic,0.0014
R000281,E001229,topic,0.5549
R000282,E001094,topic,0.5466
R000283,E000640,topic,0.7883
R000284,E001551,topic,0.3897
R000285,E000839,topic,0.0735
R000286,E001689,topic,0.1993
R000287,E000080,topic,0.5696
R000288,E000254,topic,0.6888
R000289,E001452,topic,0.2365
R000290,E001511,topic,0.0666
R000291,E001234,topic,0.4644
R000292,E000130,topic,0.7311
R000293,E001872,topic,0.7063
R000294,E000380,topic,0.6298
R000295,E001775,topic,0.0935
R000296,E000495,topic,0.6061
R000297,E000199,topic,0.293
R000298,E001469,topic,0.581
R000299,E000417,topic,0.9204
R000300,E001481,topic,0.4066
R000301,E000084,topic,0.2394
R000302,E001808,topic,0.8663
R000303,E001487,topic,0.6852
R000304,E001368,topic,0.7469
R000305,E000865,topic,0.796
R000306,E001385,topic,0.5039
R000307,E001535,topic,0.3777
R000308,E000693,topic,0.5707
R000309,E000223,topic,0.8292
R000310,E000470,topic,0.6445
R000311,E000671,topic,0.8956
R000312,E000717,topic,0.9567
R000313,E000935,topic,0.6728
R000314,E001134,topic,0.8193
R000315,E000740,topic,0.8229
R000316,E001575,topic,0.6238
R000317,E001511,topic,0.4774
R000318,E001336,topic,0.7452
R000319,E001392,topic,0.4904
R000320,E000916,topic,0.6607
R000321,E001439,topic,0.7246
R000322,E001095,topic,0.3024
R000323,E000903,topic,0.2749
R000324,E000272,topic,0.3677
R000325,E000933,topic,0.1588
R000326,E000916,topic,0.2935
R000327,E000156,topic,0.1332
R000328,E001348,topic,0.1772
R000329,E000822,topic,0.0943
R000330,E000774,topic,0.4868
R000331,E001413,topic,0.858
R000332,E001361,topic,0.1633
R000333,E001301,topic,0.3475
R000334,E001324,topic,0.8341
R000335,E000707,topic,0.1182
R000336,E000622,topic,0.0324
R000337,E001042,topic,0.9575
R000338,E001324,topic,0.2717
R000339,E000659,topic,0.0763
R000340,E001560,topic,0.2021
R000341,E001563,topic,0.8895
R000342,E000163,topic,0.9242
R000343,E000102,topic,0.3691
R000344,E000005,topic,0.5219
R000345,E001663,topic,0.7797
R000346,E001614,topic,0.4053
R000347,E000880,topic,0.0292
R000348,E001872,topic,0.5637
R000349,E000128,topic,0.2158
R000350,E001396,topic,0.3736
R000351,E000188,topic,0.3882
R000352,E000330,topic,0.8611
R000353,E000273,topic,0.4451
R000354,E001003,topic,0.4734
R000355,E001903,topic,0.4433
R000356,E000986,topic,0.9835
R000357,E000668,topic,0.274
R000358,E001257,topic,0.7533
R000359,E000912,topic,0.6578
R000360,E000282,topic,0.1021
R000361,E001127,topic,0.5766
R000362,E000611,topic,0.8117
R000363,E001312,topic,0.4282
R000364,E000541,topic,0.9045
R000365,E000174,topic,0.7161
R000366,E001478,topic,0.5192
R000367,E000136,topic,0.6978
R000368,E001517,topic,0.7252
R000369,E000742,topic,0.2003
R000370,E001358,topic,0.2206
R000371,E001766,topic,0.8776
R000372,E000547,topic,0.2449
R000373,E000815,topic,0.9041
R000374,E000603,topic,0.827
R000375,E000228,topic,0.8203
R000376,E000634,topic,0.2093
R000377,E001060,topic,0.7381
R000378,E000462,topic,0.4341
R000379,E000004,topic,0.2038
R000380,E000516,topic,0.4066
R000381,E000355,topic,0.2705
R000382,E001591,topic,0.819
R000383,E000312,topic,0.7758
R000384,E001065,topic,0.2917
R000385,E001440,topic,0.2151
R000386,E000332,topic,0.5739
R000387,E001308,topic,0.8343
R000388,E000287,topic,0.5333
R000389,E000569,topic,0.7784
R000390,E000847,topic,0.8251
R000391,E001443,topic,0.2255
R000392,E000622,topic,0.8324
R000393,E000923,topic,0.1682
R000394,E000112,topic,0.8723
R000395,E001633,topic,0.5984
R000396,E001278,topic,0.8329
R000397,E001723,topic,0.9046
R000398,E001975,topic,0.7334
R000399,E000045,topic,0.7359
R000400,E001068,topic,0.5742
R000401,E000535,topic,0.8705
R000402,E001071,topic,0.8391
R000403,E000992,topic,0.3163
R000404,E001896,topic,0.6456
R000405,E001570,topic,0.206
R000406,E000892,topic,0.4378
R000407,E001582,topic,0.7464
R000408,E000505,topic,0.9812
R000409,E000159,topic,0.0583
R000410,E001454,topic,0.6665
R000411,E001621,topic,0.5029
R000412,E000965,topic,0.6676
R000413,E001101,topic,0.171
R000414,E001891,topic,0.2206
R000415,E001788,topic,0.7284
R000416,E000827,topic,0.5737
R000417,E001180,topic,0.0671
R000418,E000017,topic,0.1256
R000419,E000764,topic,0.6024
R000420,E001543,topic,0.6038
R000421,E000050,topic,0.8158
R000422,E000779,topic,0.1588
R000423,E000999,topic,0.3393
R000424,E000281,topic,0.7733
R000425,E001885,topic,0.1783
R000426,E001033,topic,0.2424
R000427,E000128,topic,0.0445
R000428,E001271,topic,0.9557
R000429,E000407,topic,0.1285
R000430,E001498,topic,0.5059
R000431,E000675,topic,0.8221
R000432,E000383,topic,0.4399
R000433,E001723,topic,0.1676
R000434,E001679,topic,0.7983
R000435,E000447,topic,0.4157
R000436,E000459,topic,0.2366
R000437,E000227,topic,0.9259
R000438,E000591,topic,0.3265
R000439,E000051,topic,0.2345
R000440,E000134,topic,0.6035
R000441,E000879,topic,0.3852
R000442,E000410,topic,0.3263
R000443,E001323,topic,0.1024
R000444,E000252,topic,0.9412
R000445,E001796,topic,0.5497
R000446,E000768,topic,0.7816
R000447,E000243,topic,0.3618
R000448,E001945,topic,0.9916
R000449,E001327,topic,0.9999
R000450,E001923,topic,0.2988
R000451,E001198,topic,0.5317
R000452,E000126,topic,0.6931
R000453,E000950,topic,0.7293
R000454,E000609,topic,0.0494
R000455,E001870,topic,0.7027
R000456,E001086,topic,0.776
R000457,E000932,topic,0.417
R000458,E000091,topic,0.657
R000459,E000872,topic,0.4605
R000460,E001191,topic,0.8175
R000461,E000554,topic,0.429
R000462,E001619,topic,0.7117
R000463,E001966,topic,0.4306
R000464,E000230,topic,0.5043
R000465,E001130,topic,0.7107
R000466,E000742,topic,0.4882
R000467,E001621,topic,0.4821
R000468,E001645,topic,0.3098
R000469,E000667,topic,0.7308
R000470,E000706,topic,0.6914
R000471,E000587,topic,0.0816
R000472,E001301,topic,0.2224
R000473,E000700,topic,0.2306
R000474,E001764,topic,0.2186
R000475,E000275,topic,0.9709
R000476,E000077,topic,0.8721
R000477,E001672,topic,0.3527
R000478,E000534,topic,0.98
R000479,E001399,topic,0.8692
R000480,E000400,topic,0.3199
R000481,E000345,topic,0.8523
R000482,E000404,topic,0.4125
R000483,E000103,topic,0.0484
R000484,E000613,topic,0.3472
R000485,E001860,topic,0.9159
R000486,E000598,topic,0.9266
R000487,E001925,topic,0.8298
R000488,E001091,topic,0.4693
R000489,E001483,topic,0.0602
R000490,E001386,topic,0.3444
R000491,E000167,topic,0.0534
R000492,E001145,topic,0.9666
R000493,E000088,topic,0.827
R000494,E001158,topic,0.6817
R000495,E000039,topic,0.3637
R000496,E001232,topic,0.7191
R000497,E001800,topic,0.2293
R000498,E001191,topic,0.5629
R000499,E001317,topic,0.5683
R000500,E000065,topic,0.3416
R000501,E000775,topic,0.6435
R000502,E001609,topic,0.5903
R000503,E001787,topic,0.0216
R000504,E001710,topic,0.915
R000505,E000127,topic,0.8833
R000506,E000949,topic,0.319
R000507,E000091,topic,0.4927
R000508,E001337,topic,0.4475
R000509,E000279,topic,0.6558
R000510,E001502,topic,0.542
R000511,E000230,topic,0.7912
R000512,E000326,topic,0.8746
R000513,E000212,topic,0.3294
R000514,E000581,topic,0.9942
R000515,E001777,topic,0.8322
R000516,E000817,topic,0.326
R000517,E000454,topic,0.4208
R000518,E000653,topic,0.5197
R000519,E001141,topic,0.8625
R000520,E001642,topic,0.5125
R000521,E000843,topic,0.3796
R000522,E001445,topic,0.1165
R000523,E000146,topic,0.5212
R000524,E000547,topic,0.2921
R000525,E001716,topic,0.5842
R000526,E001804,topic,0.3733
R000527,E001311,topic,0.0428
R000528,E001196,topic,0.5981
R000529,E001938,topic,0.1522
R000530,E000901,topic,0.6542
R000531,E001981,topic,0.0115
R000532,E001135,topic,0.7282
R000533,E000344,topic,0.5024
R000534,E001453,topic,0.3852
R000535,E000635,topic,0.3774
R000536,E000157,topic,0.6018
R000537,E001682,topic,0.3347
R000538,E001595,topic,0.9249
R000539,E001927,topic,0.7025
R000540,E000086,topic,0.146
R000541,E000664,topic,0.4428
R000542,E000896,topic,0.9006
R000543,E001101,topic,0.7763
R000544,E000900,topic,0.4465
R000545,E000967,topic,0.3443
R000546,E000335,topic,0.4135
R000547,E001666,topic,0.1701
R000548,E001569,topic,0.3184
R000549,E000807,topic,0.1481
R000550,E001278,topic,0.853
R000551,E000349,topic,0.6238
R000552,E001454,topic,0.3245
R000553,E001546,topic,0.9545
R000554,E000610,topic,0.6094
R000555,E000259,topic,0.1235
R000556,E001148,topic,0.541
R000557,E000992,topic,0.7152
R000558,E000773,topic,0.1297
R000559,E000455,topic,0.5827
R000560,E001069,topic,0.5293
R000561,E000997,topic,0.8279
R000562,E001207,topic,0.4779
R000563,E000297,topic,0.077
R000564,E001887,topic,0.5509
R000565,E000217,topic,0.1323
R000566,E000490,topic,0.2428
R000567,E001644,topic,0.3106
R000568,E000428,topic,0.5166
R000569,E000507,topic,0.5278
R000570,E001977,topic,0.8584
R000571,E001965,topic,0.0445
R000572,E000451,topic,0.7462
R000573,E000930,topic,0.5795
R000574,E001771,topic,0.5758
R000575,E000115,topic,0.0813
R000576,E001967,topic,0.2669
R000577,E001386,topic,0.7265
R000578,E001257,topic,0.1727
R000579,E001383,topic,0.0949
R000580,E000833,topic,0.0268
R000581,E001789,topic,0.3303
R000582,E000208,topic,0.6575
R000583,E001701,topic,0.7512
R000584,E001770,topic,0.7949
R000585,E000741,topic,0.6728
R000586,E001905,topic,0.0879
R000587,E000882,topic,0.5913
R000588,E001521,topic,0.6011
R000589,E001963,topic,0.5522
R000590,E001363,topic,0.8512
R000591,E000566,topic,0.7879
R000592,E000985,topic,0.1234
R000593,E000355,topic,0.329
R000594,E001988,topic,0.4718
R000595,E000927,topic,0.4299
R000596,E001629,topic,0.9384
R000597,E001811,topic,0.9631
R000598,E001650,topic,0.5237
R000599,E001440,topic,0.7449
R000600,E000825,topic,0.1442
R000601,E001969,topic,0.6714
R000602,E000634,topic,0.4892
R000603,E000116,topic,0.0277
R000604,E001043,topic,0.8622
R000605,E000399,topic,0.6715
R000606,E001042,topic,0.2249
R000607,E001353,topic,0.2995
R000608,E000469,topic,0.6861
R000609,E000157,topic,0.4686
R000610,E001262,topic,0.5321
R000611,E000700,topic,0.4162
R000612,E000183,topic,0.399
R000613,E000923,topic,0.96
R000614,E001014,topic,0.1975
R000615,E000040,topic,0.209
R000616,E001396,topic,0.1303
R000617,E000813,topic,0.3867
R000618,E000921,topic,0.3413
R000619,E001966,topic,0.9817
R000620,E000683,topic,0.2919
R000621,E000374,topic,0.9738
R000622,E000915,topic,0.0037
R000623,E000955,topic,0.472
R000624,E001666,topic,0.0852
R000625,E001554,topic,0.4942
R000626,E001947,topic,0.5363
R000627,E001194,topic,0.0424
R000628,E000357,topic,0.8316
R000629,E001073,topic,0.6694
R000630,E001217,topic,0.7189
R000631,E001329,topic,0.5777
R000632,E001290,topic,0.1854
R000633,E000379,topic,0.523
R000634,E001989,topic,0.2643
R000635,E000618,topic,0.3904
R000636,E000478,topic,0.3968
R000637,E001437,topic,0.2351
R000638,E001616,topic,0.8856
R000639,E001799,topic,0.7241
R000640,E001754,topic,0.6103
R000641,E000552,topic,0.1643
R000642,E000330,topic,0.7046
R000643,E001159,topic,0.4328
R000644,E000193,topic,0.7873
R000645,E000293,topic,0.8351
R000646,E001165,topic,0.7011
R000647,E001974,topic,0.5245
R000648,E001028,topic,0.5846
R000649,E001392,topic,0.0247
R000650,E001090,topic,0.3677
R000651,E000301,topic,0.989
R000652,E001084,topic,0.4611
R000653,E000451,topic,0.5688
R000654,E000106,topic,0.1374
R000655,E001570,topic,0.5576
R000656,E000024,topic,0.4307
R000657,E000692,topic,0.1184
R000658,E000725,topic,0.2103
R000659,E000279,topic,0.0154
R000660,E001624,topic,0.8937
R000661,E001556,topic,0.8796
R000662,E001813,topic,0.9957
R000663,E001593,topic,0.1124
R000664,E001328,topic,0.1222
R000665,E001016,topic,0.2356
R000666,E000745,topic,0.62
R000667,E000233,topic,0.5979
R000668,E000321,topic,0.2257
R000669,E001824,topic,0.0779
R000670,E000464,topic,0.068
R000671,E001825,topic,0.1263
R000672,E001811,topic,0.2528
R000673,E000866,topic,0.6259
R000674,E000403,topic,0.3454
R000675,E001737,topic,0.4889
R000676,E000780,topic,0.9318
R000677,E000124,topic,0.8175
R000678,E000939,topic,0.6485
R000679,E000057,topic,0.2832
R000680,E000652,topic,0.0174
R000681,E000282,topic,0.717
R000682,E001745,topic,0.629
R000683,E001299,topic,0.0252
R000684,E001083,topic,0.4203
R000685,E001448,topic,0.5157
R000686,E001745,topic,0.5431
R000687,E001879,topic,0.8876
R000688,E001868,topic,0.7839
R000689,E000770,topic,0.3328
R000690,E001335,topic,0.1113
R000691,E000428,topic,0.554
R000692,E000361,topic,0.1783
R000693,E000654,topic,0.103
R000694,E001857,topic,0.0529
R000695,E001321,topic,0.2898
R000696,E001310,topic,0.934
R000697,E001093,topic,0.1118
R000698,E000741,topic,0.8031
R000699,E001325,topic,0.3993
R000700,E001793,topic,0.1601
R000701,E001645,topic,0.879
R000702,E001732,topic,0.8786
R000703,E000766,topic,0.0232
R000704,E000380,topic,0.6286
R000705,E000607,topic,0.4709
R000706,E000340,topic,0.9668
R000707,E000299,topic,0.9179
R000708,E000949,topic,0.8201
R000709,E001063,topic,0.2461
R000710,E001245,topic,0.395
R000711,E001509,topic,0.9215
R000712,E000455,topic,0.3031
R000713,E001474,topic,0.013
R000714,E001861,topic,0.441
R000715,E000198,topic,0.3552
R000716,E001679,topic,0.4455
R000717,E000255,topic,0.8086
R000718,E001258,topic,0.9667
R000719,E001183,topic,0.8139
R000720,E001136,topic,0.0145
R000721,E000359,topic,0.2176
R000722,E001676,topic,0.806
R000723,E000295,topic,0.9004
R000724,E000051,topic,0.9866
R000725,E001923,topic,0.9098
R000726,E000498,topic,0.2592
R000727,E000506,topic,0.1793
R000728,E000979,topic,0.2027
R000729,E000419,topic,0.5158
R000730,E001391,topic,0.4153
R000731,E000310,topic,0.9445
R000732,E001886,topic,0.0141
R000733,E001648,topic,0.7464
R000734,E000770,topic,0.7893
R000735,E001701,topic,0.0213
R000736,E001134,topic,0.2216
R000737,E000166,topic,0.2177
R000738,E001645,topic,0.6338
R000739,E001050,topic,0.5208
R000740,E000590,topic,0.7302
R000741,E000203,topic,0.0639
R000742,E001994,topic,0.7275
R000743,E000745,topic,0.6036
R000744,E001970,topic,0.639
R000745,E001994,topic,0.1097
R000746,E000505,topic,0.6618
R000747,E001040,topic,0.751
R000748,E001629,topic,0.6389
R000749,E001579,topic,0.1399
R000750,E001817,topic,0.6526
R000751,E000853,topic,0.4048
R000752,E000832,topic,0.9357
R000753,E000156,topic,0.3612
R000754,E001099,topic,0.9312
R000755,E000395,topic,0.2594
R000756,E000392,topic,0.92
R000757,E001520,topic,0.8096
R000758,E001206,topic,0.6107
R000759,E000199,topic,0.0209
R000760,E001220,topic,0.4924
R000761,E000471,topic,0.9805
R000762,E001306,topic,0.1071
R000763,E001355,topic,0.0871
R000764,E000522,topic,0.6952
R000765,E001423,topic,0.6058
R000766,E001505,topic,0.6584
R000767,E000639,topic,0.6153
R000768,E000726,topic,0.8303
R000769,E000268,topic,0.711
R000770,E001799,topic,0.7774
R000771,E000721,topic,0.2426
R000772,E001076,topic,0.6765
R000773,E000429,topic,0.9882
R000774,E001489,topic,0.7417
R000775,E001977,topic,0.2357
R000776,E000060,topic,0.6314
R000777,E001919,topic,0.9327
R000778,E000496,topic,0.9965
R000779,E001271,topic,0.3056
R000780,E001233,topic,0.5189
R000781,E000637,topic,0.5955
R000782,E000921,topic,0.3615
R000783,E000144,topic,0.9408
R000784,E000623,topic,0.1753
R000785,E001867,topic,0.6996
R000786,E001688,topic,0.6929
R000787,E000332,topic,0.2575
R000788,E001275,topic,0.0603
R000789,E000367,topic,0.9487
R000790,E001317,topic,0.9381
R000791,E001784,topic,0.5102
R000792,E000390,topic,0.9263
R000793,E001609,topic,0.0377
R000794,E001460,topic,0.0448
R000795,E001222,topic,0.6385
R000796,E001544,topic,0.3371
R000797,E000030,topic,0.4391
R000798,E000124,topic,0.5115
R000799,E000791,topic,0.0532
R000800,E001925,topic,0.2469
R000801,E001752,topic,0.7603
R000802,E001306,topic,0.4027
R000803,E001441,topic,0.5714
R000804,E000263,topic,0.6276
R000805,E001109,topic,0.4691
R000806,E000689,topic,0.4552
R000807,E001281,topic,0.2009
R000808,E001822,topic,0.4197
R000809,E000687,topic,0.4925
R000810,E000956,topic,0.6986
R000811,E001481,topic,0.0449
R000812,E000125,topic,0.0489
R000813,E000300,topic,0.81
R000814,E000953,topic,0.9767
R000815,E000554,topic,0.0036
R000816,E000103,topic,0.9293
R000817,E000027,topic,0.1824
R000818,E000101,topic,0.3742
R000819,E000906,topic,0.8957
R000820,E001957,topic,0.8349
R000821,E000872,topic,0.6124
R000822,E001285,topic,0.9529
R000823,E001556,topic,0.8781
R000824,E000563,topic,0.1835
R000825,E000451,topic,0.9179
R000826,E001759,topic,0.5169
R000827,E000597,topic,0.2081
R000828,E001148,topic,0.4608
R000829,E000794,topic,0.6407
R000830,E000573,topic,0.863
R000831,E000966,topic,0.6092
R000832,E000470,topic,0.184
R000833,E001459,topic,0.9137
R000834,E000033,topic,0.9684
R000835,E000748,topic,0.63
R000836,E000443,topic,0.3138
R000837,E001448,topic,0.9732
R000838,E000192,topic,0.9085
R000839,E001036,topic,0.2417
R000840,E001542,topic,0.9995
R000841,E000146,topic,0.9474
R000842,E001841,topic,0.523
R000843,E000483,topic,0.0669
R000844,E000004,topic,0.2852
R000845,E001804,topic,0.6399
R000846,E000564,topic,0.7796
R000847,E001747,topic,0.7249
R000848,E001423,topic,0.2388
R000849,E001728,topic,0.046
R000850,E000186,topic,0.4292
R000851,E000610,topic,0.7265
R000852,E000144,topic,0.8762
R000853,E001698,topic,0.3855
R000854,E001715,topic,0.0646
R000855,E001361,topic,0.902
R000856,E000943,topic,0.7045
R000857,E000764,topic,0.8431
R000858,E000191,topic,0.9859
R000859,E000615,topic,0.2863
R000860,E000765,topic,0.7975
R000861,E000912,topic,0.3109
R000862,E000890,topic,0.4047
R000863,E001270,topic,0.7199
R000864,E000474,topic,0.7717
R000865,E000681,topic,0.8066
R000866,E000172,topic,0.8661
R000867,E000046,topic,0.927
R000868,E000723,topic,0.8907
R000869,E001955,topic,0.7162
R000870,E000579,topic,0.6216
R000871,E001716,topic,0.6274
R000872,E000329,topic,0.0829
R000873,E000520,topic,0.632
R000874,E001174,topic,0.1422
R000875,E000060,topic,0.3649
R000876,E001479,topic,0.6888
R000877,E001457,topic,0.2327
R000878,E001841,topic,0.4004
R000879,E001306,topic,0.2274
R000880,E001721,topic,0.6014
R000881,E000239,topic,0.478
R000882,E000431,topic,0.5699
R000883,E001238,topic,0.6797
R000884,E001254,topic,0.3042
R000885,E000497,topic,0.96
R000886,E000806,topic,0.4135
R000887,E000791,topic,0.0301
R000888,E000171,topic,0.0035
R000889,E000906,topic,0.9965
R000890,E001600,topic,0.4531
R000891,E001012,topic,0.0786
R000892,E001136,topic,0.0384
R000893,E001788,topic,0.7793
R000894,E000813,topic,0.2472
R000895,E000418,topic,0.363
R000896,E000364,topic,0.538
R000897,E000923,topic,0.216
R000898,E001003,topic,0.272
R000899,E001676,topic,0.3015
R000900,E000775,topic,0.6239
R000901,E000787,topic,0.8067
R000902,E000669,topic,0.4473
R000903,E001393,topic,0.8297
R000904,E000666,topic,0.5699
R000905,E000175,topic,0.8422
R000906,E001533,topic,0.3652
R000907,E000062,topic,0.5877
R000908,E001816,topic,0.3101
R000909,E001985,topic,0.0318
R000910,E000039,topic,0.5597
R000911,E001332,topic,0.617
R000912,E000307,topic,0.7633
R000913,E000408,topic,0.7229
R000914,E001757,topic,0.325
R000915,E000386,topic,0.5404
R000916,E001658,topic,0.9084
R000917,E000429,topic,0.8312
R000918,E001815,topic,0.8113
R000919,E000150,topic,0.4648
R000920,E000913,topic,0.6299
R000921,E000246,topic,0.9535
R000922,E001229,topic,0.4091
R000923,E001016,topic,0.6966
R000924,E001427,topic,0.2694
R000925,E001170,topic,0.934
R000926,E001181,topic,0.8773
R000927,E000798,topic,0.7805
R000928,E001992,topic,0.7774
R000929,E000384,topic,0.2158
R000930,E001729,topic,0.4359
R000931,E000976,topic,0.2816
R000932,E001005,topic,0.4507
R000933,E001257,topic,0.747
R000934,E001431,topic,0.2084
R000935,E001750,topic,0.4398
R000936,E001148,topic,0.2438
R000937,E001535,topic,0.2217
R000938,E001992,topic,0.6767
R000939,E000255,topic,0.1552
R000940,E000879,topic,0.9184
R000941,E000204,topic,0.2891
R000942,E001666,topic,0.2947
R000943,E000274,topic,0.8029
R000944,E000584,topic,0.1269
R000945,E000380,topic,0.2753
R000946,E001279,topic,0.7868
R000947,E001863,topic,0.5517
R000948,E001351,topic,0.1499
R000949,E001085,topic,0.9213
R000950,E001950,topic,0.7914
R000951,E000526,topic,0.2675
R000952,E001499,topic,0.5808
R000953,E001138,topic,0.8742
R000954,E000005,topic,0.1075
R000955,E001223,topic,0.5031
R000956,E000377,topic,0.0767
R000957,E000787,topic,0.087
R000958,E001422,topic,0.513
R000959,E000218,topic,0.5126
R000960,E001436,topic,0.5201
R000961,E001897,topic,0.4859
R000962,E001924,topic,0.5854
R000963,E000126,topic,0.1482
R000964,E001276,topic,0.8192
R000965,E001734,topic,0.7129
R000966,E001536,topic,0.5962
R000967,E001093,topic,0.22
R000968,E000188,topic,0.3427
R000969,E001418,topic,0.869
R000970,E001600,topic,0.5098
R000971,E000932,topic,0.3884
R000972,E001883,topic,0.8662
R000973,E001485,topic,0.3079
R000974,E000904,topic,0.3901
R000975,E001060,topic,0.6953
R000976,E000362,topic,0.1048
R000977,E001113,topic,0.2278
R000978,E000977,topic,0.6146
R000979,E001186,topic,0.3955
R000980,E000987,topic,0.7872
R000981,E001079,topic,0.0538
R000982,E000438,topic,0.2742
R000983,E000198,topic,0.7159
R000984,E000659,topic,0.8539
R000985,E001183,topic,0.2928
R000986,E000295,topic,0.9187
R000987,E000667,topic,0.1379
R000988,E001047,topic,0.0996
R000989,E001031,topic,0.9537
R000990,E001110,topic,0.6205
R000991,E000945,topic,0.0244
R000992,E000925,topic,0.6172
R000993,E001623,topic,0.3705
R000994,E000735,topic,0.6947
R000995,E001089,topic,0.6728
R000996,E001518,topic,0.1593
R000997,E001514,topic,0.4243
R000998,E001104,topic,0.5495
R000999,E001225,topic,0.9869
R001000,E000070,topic,0.6759
R001001,E001412,topic,0.6437
R001002,E001887,topic,0.7225
R001003,E000302,topic,0.5154
R001004,E001526,topic,0.6414
R001005,E001114,topic,0.3058
R001006,E000279,topic,0.7688
R001007,E000256,topic,0.2289
R001008,E000793,topic,0.5087
R001009,E000754,topic,0.3829
R001010,E000428,topic,0.9731
R001011,E001895,topic,0.9343
R001012,E001361,topic,0.202
R001013,E000882,topic,0.2825
R001014,E000132,topic,0.3104
R001015,E001670,topic,0.7979
R001016,E000716,topic,0.4927
R001017,E001034,topic,0.9254
R001018,E000296,topic,0.1412
R001019,E001557,topic,0.9367
R001020,E001887,topic,0.5251
R001021,E000271,topic,0.4732
R001022,E000164,topic,0.961
R001023,E001435,topic,0.4297
R001024,E001750,topic,0.0182
R001025,E000589,topic,0.853
R001026,E001964,topic,0.0366
R001027,E001773,topic,0.2543
R001028,E000370,topic,0.3801
R001029,E000208,topic,0.5835
R001030,E001513,topic,0.5346
R001031,E000332,topic,0.7806
R001032,E000318,topic,0.7842
R001033,E001162,topic,0.5093
R001034,E000111,topic,0.5928
R001035,E001025,topic,0.4452
R001036,E000660,topic,0.4212
R001037,E000535,topic,0.9981
R001038,E000893,topic,0.0831
R001039,E000519,topic,0.7578
R001040,E001376,topic,0.7111
R001041,E001538,topic,0.7938
R001042,E000625,topic,0.917
R001043,E000680,topic,0.4985
R001044,E000087,topic,0.1229
R001045,E001759,topic,0.0916
R001046,E000348,topic,0.5324
R001047,E000081,topic,0.2161
R001048,E000077,topic,0.3692
R001049,E001302,topic,0.7866
R001050,E001156,topic,0.5419
R001051,E000732,topic,0.2492
R001052,E000806,topic,0.8476
R001053,E000583,topic,0.7229
R001054,E001713,topic,0.2909
R001055,E000303,topic,0.2165
R001056,E001595,topic,0.3709
R001057,E001021,topic,0.9141
R001058,E001106,topic,0.7747
R001059,E001068,topic,0.6339
R001060,E001593,topic,0.4416
R001061,E000610,topic,0.322
R001062,E000044,topic,0.8752
R001063,E000695,topic,0.9725
R001064,E000695,topic,0.4249
R001065,E001058,topic,0.953
R001066,E001417,topic,0.9788
R001067,E000049,topic,0.9007
R001068,E000674,topic,0.6415
R001069,E001447,topic,0.4523
R001070,E001074,topic,0.9256
R001071,E000355,topic,0.669
R001072,E000591,topic,0.596
R001073,E000499,topic,0.2123
R001074,E000038,topic,0.4946
R001075,E000218,topic,0.8756
R001076,E000472,topic,0.3197
R001077,E001971,topic,0.2969
R001078,E001452,topic,0.9368
R001079,E001250,topic,0.3062
R001080,E001815,topic,0.6138
R001081,E001327,topic,0.2306
R001082,E001463,topic,0.3491
R001083,E000720,topic,0.5983
R001084,E000385,topic,0.8816
R001085,E001235,topic,0.1218
R001086,E000793,topic,0.4518
R001087,E001062,topic,0.3845
R001088,E001163,topic,0.9043
R001089,E001552,topic,0.8093
R001090,E000423,topic,0.4688
R001091,E001539,topic,0.7851
R001092,E000450,topic,0.3131
R001093,E001038,topic,0.4367
R001094,E000641,topic,0.9603
R001095,E001841,topic,0.377
R001096,E000474,topic,0.9282
R001097,E000869,topic,0.547
R001098,E001232,topic,0.2698
R001099,E001212,topic,0.3243
R001100,E000076,topic,0.2218
R001101,E001925,topic,0.9618
R001102,E001607,topic,0.3145
R001103,E000823,topic,0.686
R001104,E000011,topic,0.724
R001105,E000953,topic,0.7651
R001106,E000907,topic,0.4547
R001107,E000046,topic,0.9438
R001108,E001248,topic,0.1531
R001109,E000830,topic,0.3539
R001110,E000712,topic,0.0491
R001111,E000917,topic,0.3377
R001112,E001863,topic,0.9846
R001113,E000813,topic,0.358
R001114,E001374,topic,0.3843
R001115,E000822,topic,0.7589
R001116,E001179,topic,0.3767
R001117,E000718,topic,0.623
R001118,E000287,topic,0.636
R001119,E001437,topic,0.7942
R001120,E000267,topic,0.9223
R001121,E001111,topic,0.5308
R001122,E001554,topic,0.4781
R001123,E000795,topic,0.3643
R001124,E000049,topic,0.1302
R001125,E001175,topic,0.0035
R001126,E001777,topic,0.0383
R001127,E001860,topic,0.6929
R001128,E001759,topic,0.1535
R001129,E000138,topic,0.1294
R001130,E000801,topic,0.1451
R001131,E000731,topic,0.7429
R001132,E000422,topic,0.4707
R001133,E001268,topic,0.4684
R001134,E001341,topic,0.5781
R001135,E000234,topic,0.586
R001136,E000672,topic,0.4621
R001137,E001124,topic,0.4355
R001138,E001002,topic,0.3024
R001139,E001547,topic,0.0276
R001140,E000187,topic,0.3673
R001141,E000056,topic,0.9117
R001142,E001154,topic,0.1846
R001143,E001820,topic,0.7297
R001144,E001741,topic,0.9081
R001145,E001546,topic,0.9955
R001146,E000047,topic,0.6938
R001147,E001060,topic,0.6413
R001148,E000290,topic,0.0253
R001149,E000700,topic,0.526
R001150,E000149,topic,0.7708
R001151,E000667,topic,0.9506
R001152,E001833,topic,0.2433
R001153,E001981,topic,0.3646
R001154,E000929,topic,0.4225
R001155,E000225,topic,0.9295
R001156,E000274,topic,0.019
R001157,E000864,topic,0.3074
R001158,E000742,topic,0.0942
R001159,E001954,topic,0.2643
R001160,E000965,topic,0.8336
R001161,E001220,topic,0.5648
R001162,E000588,topic,0.9999
R001163,E000333,topic,0.64
R001164,E000232,topic,0.247
R001165,E001423,topic,0.5636
R001166,E001734,topic,0.622
R001167,E001610,topic,0.4777
R001168,E001385,topic,0.0812
R001169,E000337,topic,0.9335
R001170,E001109,topic,0.8846
R001171,E001607,topic,0.614
R001172,E001644,topic,0.5425
R001173,E000695,topic,0.5822
R001174,E001075,topic,0.3631
R001175,E000550,topic,0.1219
R001176,E000446,topic,0.7441
R001177,E000864,topic,0.6824
R001178,E001389,topic,0.1826
R001179,E000930,topic,0.2989
R001180,E001825,topic,0.1536
R001181,E000821,topic,0.3167
R001182,E000784,topic,0.311
R001183,E001993,topic,0.3112
R001184,E001909,topic,0.6636
R001185,E000524,topic,0.087
R001186,E000658,topic,0.0161
R001187,E001459,topic,0.5062
R001188,E000275,topic,0.6852
R001189,E001989,topic,0.8704
R001190,E001490,topic,0.2853
R001191,E001300,topic,0.3075
R001192,E000675,topic,0.3031
R001193,E001873,topic,0.6616
R001194,E001124,topic,0.4688
R001195,E001762,topic,0.9722
R001196,E000297,topic,0.1205
R001197,E001934,topic,0.9811
R001198,E001182,topic,0.9126
R001199,E000482,topic,0.0187
R001200,E000547,topic,0.1457
R001201,E001500,topic,0.6739
R001202,E000397,topic,0.274
R001203,E001662,topic,0.4548
R001204,E000696,topic,0.3451
R001205,E000264,topic,0.7573
R001206,E000941,topic,0.8018
R001207,E001333,topic,0.6877
R001208,E000091,topic,0.1608
R001209,E000261,topic,0.1449
R001210,E000032,topic,0.8956
R001211,E000026,topic,0.5683
R001212,E000783,topic,0.6129
R001213,E000375,topic,0.4059
R001214,E001750,topic,0.0311
R001215,E001710,topic,0.8819
R001216,E000720,topic,0.4285
R001217,E000118,topic,0.5767
R001218,E000964,topic,0.9491
R001219,E001487,topic,0.4882
R001220,E001127,topic,0.7136
R001221,E000382,topic,0.7553
R001222,E001656,topic,0.5147
R001223,E000480,topic,0.0594
R001224,E001176,topic,0.7413
R001225,E000284,topic,0.2658
R001226,E000830,topic,0.0395
R001227,E000660,topic,0.5468
R001228,E000685,topic,0.4097
R001229,E000606,topic,0.142
R001230,E000358,topic,0.3331
R001231,E000523,topic,0.3825
R001232,E000918,topic,0.5369
R001233,E001655,topic,0.0929
R001234,E000899,topic,0.9732
R001235,E000022,topic,0.0467
R001236,E000277,topic,0.2709
R001237,E000740,topic,0.9069
R001238,E001170,topic,0.4056
R001239,E001447,topic,0.3667
R001240,E000489,topic,0.2795
R001241,E001492,topic,0.296
R001242,E000232,topic,0.7751
R001243,E000490,topic,0.5143
R001244,E001183,topic,0.0156
R001245,E000080,topic,0.0348
R001246,E000883,topic,0.4415
R001247,E001790,topic,0.4617
R001248,E001914,topic,0.357
R001249,E001961,topic,0.6649
R001250,E001485,topic,0.3147
R001251,E001881,topic,0.754
R001252,E001630,topic,0.8342
R001253,E001582,topic,0.4509
R001254,E000951,topic,0.4935
R001255,E000269,topic,0.1898
R001256,E000791,topic,0.4186
R001257,E000477,topic,0.0122
R001258,E001575,topic,0.1591
R001259,E001695,topic,0.5476
R001260,E000848,topic,0.9464
R001261,E001357,topic,0.5398
R001262,E001961,topic,0.2273
R001263,E000323,topic,0.5747
R001264,E001350,topic,0.1814
R001265,E000456,topic,0.6103
R001266,E001368,topic,0.7477
R001267,E001556,topic,0.5564
R001268,E000733,topic,0.993
R001269,E000032,topic,0.0655
R001270,E000648,topic,0.9533
R001271,E000330,topic,0.2391
R001272,E001924,topic,0.1122
R001273,E000509,topic,0.9388
R001274,E000569,topic,0.6846
R001275,E001546,topic,0.0176
R001276,E001054,topic,0.7452
R001277,E000227,topic,0.8109
R001278,E000187,topic,0.4804
R001279,E000435,topic,0.5957
R001280,E001939,topic,0.3896
R001281,E000132,topic,0.6507
R001282,E001963,topic,0.1293
R001283,E000182,topic,0.2249
R001284,E001483,topic,0.2702
R001285,E000681,topic,0.7599
R001286,E000411,topic,0.6904
R001287,E001896,topic,0.0051
R001288,E001336,topic,0.9909
R001289,E001568,topic,0.1622
R001290,E000996,topic,0.4136
R001291,E000341,topic,0.2921
R001292,E000953,topic,0.5497
R001293,E001356,topic,0.7638
R001294,E001222,topic,0.3627
R001295,E000065,topic,0.8799
R001296,E001222,topic,0.594
R001297,E000397,topic,0.3103
R001298,E000966,topic,0.9421
R001299,E001923,topic,0.8194
R001300,E001373,topic,0.1734
R001301,E001826,topic,0.2828
R001302,E000703,topic,0.1506
R001303,E001491,topic,0.3473
R001304,E001690,topic,0.5875
R001305,E001012,topic,0.2539
R001306,E000925,topic,0.1704
R001307,E001933,topic,0.5173
R001308,E000244,topic,0.2594
R001309,E001877,topic,0.0316
R001310,E000172,topic,0.9566
R001311,E000051,topic,0.5985
R001312,E000752,topic,0.5487
R001313,E001404,topic,0.0593
R001314,E000575,topic,0.473
R001315,E001489,topic,0.664
R001316,E000726,topic,0.4643
R001317,E000690,topic,0.1089
R001318,E001554,topic,0.8042
R001319,E000096,topic,0.3714
R001320,E001635,topic,0.5601
R001321,E000818,topic,0.7522
R001322,E000919,topic,0.1156
R001323,E001674,topic,0.2296
R001324,E000111,topic,0.5298
R001325,E000472,topic,0.7959
R001326,E001972,topic,0.7252
R001327,E001766,topic,0.0797
R001328,E001041,topic,0.0426
R001329,E000045,topic,0.6166
R001330,E001072,topic,0.4298
R001331,E001454,topic,0.4998
R001332,E000178,topic,0.3366
R001333,E000166,topic,0.3108
R001334,E000202,topic,0.1558
R001335,E000682,topic,0.1647
R001336,E000610,topic,0.812
R001337,E001302,topic,0.0062
R001338,E000588,topic,0.37
R001339,E001908,topic,0.4404
R001340,E000891,topic,0.7457
R001341,E000476,topic,0.5304
R001342,E001463,topic,0.3871
R001343,E001164,topic,0.5913
R001344,E001855,topic,0.6488
R001345,E001355,topic,0.7573
R001346,E000034,topic,0.3201
R001347,E000404,topic,0.5708
R001348,E000316,topic,0.1896
R001349,E001268,topic,0.7172
R001350,E001202,topic,0.4653
R001351,E000369,topic,0.2027
R001352,E001060,topic,0.9836
R001353,E000740,topic,0.8778
R001354,E001306,topic,0.8752
R001355,E001252,topic,0.5738
R001356,E000526,topic,0.3153
R001357,E001133,topic,0.2232
R001358,E000104,topic,0.0857
R001359,E001714,topic,0.6681
R001360,E000751,topic,0.6265
R001361,E001137,topic,0.1567
R001362,E000366,topic,0.3461
R001363,E000711,topic,0.3314
R001364,E000922,topic,0.5554
R001365,E001525,topic,0.8601
R001366,E001017,topic,0.9836
R001367,E001098,topic,0.404
R001368,E000837,topic,0.6368
R001369,E000724,topic,0.5926
R001370,E000590,topic,0.9215
R001371,E001899,topic,0.3371
R001372,E000147,topic,0.338
R001373,E000016,topic,0.8579
R001374,E001164,topic,0.1038
R001375,E001779,topic,0.3714
R001376,E000832,topic,0.3781
R001377,E000000,topic,0.2945
R001378,E001169,topic,0.9367
R001379,E001492,topic,0.1877
R001380,E001876,topic,0.8864
R001381,E001202,topic,0.9108
R001382,E001981,topic,0.6868
R001383,E000493,topic,0.0934
R001384,E000362,topic,0.8244
R001385,E001001,topic,0.0866
R001386,E001612,topic,0.4258
R001387,E001889,topic,0.7563
R001388,E000612,topic,0.3175
R001389,E001977,topic,0.211
R001390,E001451,topic,0.8266
R001391,E001522,topic,0.6013
R001392,E001201,topic,0.0946
R001393,E000882,topic,0.9698
R001394,E001317,topic,0.4615
R001395,E000341,topic,0.935
R001396,E001587,topic,0.7209
R001397,E000206,topic,0.7981
R001398,E001982,topic,0.7322
R001399,E001586,topic,0.9224
R001400,E000498,topic,0.676
R001401,E001492,topic,0.0547
R001402,E000264,topic,0.8694
R001403,E000409,topic,0.267
R001404,E001834,topic,0.4241
R001405,E001181,topic,0.9214
R001406,E001975,topic,0.5777
R001407,E001384,topic,0.9636
R001408,E000179,topic,0.2934
R001409,E001689,topic,0.5503
R001410,E000141,topic,0.6225
R001411,E000594,topic,0.4037
R001412,E000103,topic,0.4213
R001413,E000815,topic,0.4015
R001414,E000339,topic,0.7315
R001415,E001705,topic,0.0096
R001416,E001107,topic,0.763
R001417,E000707,topic,0.064
R001418,E001195,topic,0.802
R001419,E000889,topic,0.2527
R001420,E000358,topic,0.0313
R001421,E001841,topic,0.9232
R001422,E001261,topic,0.8405
R001423,E001913,topic,0.3393
R001424,E001205,topic,0.8118
R001425,E001216,topic,0.6224
R001426,E001482,topic,0.9505
R001427,E000948,topic,0.4745
R001428,E000511,topic,0.9721
R001429,E000760,topic,0.164
R001430,E000561,topic,0.414
R001431,E000827,topic,0.2558
R001432,E001660,topic,0.0112
R001433,E001765,topic,0.0122
R001434,E001407,topic,0.0128
R001435,E000073,topic,0.5913
R001436,E001691,topic,0.8222
R001437,E001039,topic,0.2444
R001438,E001184,topic,0.22
R001439,E001294,topic,0.7573
R001440,E001520,topic,0.1335
R001441,E001787,topic,0.3984
R001442,E000931,topic,0.4665
R001443,E000635,topic,0.8522
R001444,E000307,topic,0.8422
R001445,E000229,topic,0.1033
R001446,E000510,topic,0.7277
R001447,E001640,topic,0.3955
R001448,E000915,topic,0.0149
R001449,E000125,topic,0.183
R001450,E000094,topic,0.2909
R001451,E001331,topic,0.407
R001452,E001461,topic,0.9761
R001453,E001916,topic,0.7505
R001454,E001784,topic,0.4111
R001455,E000285,topic,0.8943
R001456,E001873,topic,0.2718
R001457,E001490,topic,0.2454
R001458,E001686,topic,0.5662
R001459,E000512,topic,0.4699
R001460,E001897,topic,0.8862
R001461,E000066,topic,0.29
R001462,E001595,topic,0.306
R001463,E001124,topic,0.2994
R001464,E001930,topic,0.2635
R001465,E001922,topic,0.3552
R001466,E001859,topic,0.0384
R001467,E000894,topic,0.3371
R001468,E000617,topic,0.1038
R001469,E001951,topic,0.7689
R001470,E001171,topic,0.9786
R001471,E001961,topic,0.3043
R001472,E001991,topic,0.9295
R001473,E001051,topic,0.8462
R001474,E000798,topic,0.7629
R001475,E000902,topic,0.9745
R001476,E001832,topic,0.7876
R001477,E000579,topic,0.4119
R001478,E000272,topic,0.0332
R001479,E000171,topic,0.7846
R001480,E000217,topic,0.7941
R001481,E001427,topic,0.1131
R001482,E000322,topic,0.36
R001483,E001224,topic,0.5627
R001484,E000157,topic,0.2929
R001485,E001992,topic,0.9287
R001486,E000443,topic,0.9142
R001487,E001778,topic,0.4284
R001488,E000207,topic,0.203
R001489,E001875,topic,0.5439
R001490,E000736,topic,0.9364
R001491,E000206,topic,0.5002
R001492,E000107,topic,0.3558
R001493,E001103,topic,0.6655
R001494,E000346,topic,0.8843
R001495,E001272,topic,0.6381
R001496,E000983,topic,0.1886
R001497,E000477,topic,0.6534
R001498,E001375,topic,0.3432
R001499,E000769,topic,0.8571
R001500,E001298,topic,0.9241
R001501,E000295,topic,0.874
R001502,E000892,topic,0.1082
R001503,E001951,topic,0.8212
R001504,E000798,topic,0.5621
R001505,E001165,topic,0.9326
R001506,E001161,topic,0.8589
R001507,E001471,topic,0.5588
R001508,E000339,topic,0.1733
R001509,E001765,topic,0.5522
R001510,E001532,topic,0.1717
R001511,E001375,topic,0.4971
R001512,E001952,topic,0.6043
R001513,E001167,topic,0.3487
R001514,E001121,topic,0.0205
R001515,E000645,topic,0.4677
R001516,E000871,topic,0.6585
R001517,E001140,topic,0.8369
R001518,E001526,topic,0.7639
R001519,E001905,topic,0.6195
R001520,E000569,topic,0.3807
R001521,E001637,topic,0.3201
R001522,E001787,topic,0.7455
R001523,E001537,topic,0.9393
R001524,E001049,topic,0.2335
R001525,E000130,topic,0.1314
R001526,E001291,topic,0.4333
R001527,E000059,topic,0.4394
R001528,E000012,topic,0.0775
R001529,E000509,topic,0.4672
R001530,E001978,topic,0.0892
R001531,E000893,topic,0.0014
R001532,E000286,topic,0.4853
R001533,E001429,topic,0.8099
R001534,E000819,topic,0.0967
R001535,E000841,topic,0.7877
R001536,E001102,topic,0.9156
R001537,E001232,topic,0.106
R001538,E000399,topic,0.4257
R001539,E000848,topic,0.2752
R001540,E000783,topic,0.9539
R001541,E000076,topic,0.9272
R001542,E000681,topic,0.4561
R001543,E000463,topic,0.5422
R001544,E001138,topic,0.0392
R001545,E001696,topic,0.4052
R001546,E000871,topic,0.4198
R001547,E001810,topic,0.0818
R001548,E000715,topic,0.3644
R001549,E001884,topic,0.6707
R001550,E001263,topic,0.0873
R001551,E000980,topic,0.4739
R001552,E001110,topic,0.1273
R001553,E001976,topic,0.628
R001554,E001990,topic,0.5654
R001555,E001530,topic,0.5766
R001556,E000193,topic,0.5009
R001557,E001576,topic,0.2379
R001558,E000546,topic,0.6995
R001559,E001186,topic,0.9566
R001560,E001535,topic,0.0173
R001561,E001369,topic,0.8416
R001562,E001219,topic,0.7896
R001563,E000954,topic,0.4241
R001564,E001857,topic,0.2256
R001565,E000190,topic,0.4424
R001566,E001712,topic,0.488
R001567,E001737,topic,0.3465
R001568,E000024,topic,0.0734
R001569,E000431,topic,0.1366
R001570,E000687,topic,0.8383
R001571,E000082,topic,0.2639
R001572,E001264,topic,0.8808
R001573,E000131,topic,0.8737
R001574,E001536,topic,0.5504
R001575,E001620,topic,0.0042
R001576,E000815,topic,0.1648
R001577,E001914,topic,0.5116
R001578,E001208,topic,0.4724
R001579,E000405,topic,0.93
R001580,E000579,topic,0.7428
R001581,E001441,topic,0.6324
R001582,E001393,topic,0.5003
R001583,E000865,topic,0.0291
R001584,E000146,topic,0.3577
R001585,E000278,topic,0.2673
R001586,E000417,topic,0.2566
R001587,E000204,topic,0.8931
R001588,E001273,topic,0.4699
R001589,E000420,topic,0.5283
R001590,E000012,topic,0.4851
R001591,E000577,topic,0.4539
R001592,E001949,topic,0.8782
R001593,E001760,topic,0.5512
R001594,E001744,topic,0.5413
R001595,E001070,topic,0.3183
R001596,E000612,topic,0.9311
R001597,E001036,topic,0.1145
R001598,E000069,topic,0.5771
R001599,E000673,topic,0.1282
R001600,E001197,topic,0.9963
R001601,E001133,topic,0.9454
R001602,E001770,topic,0.0452
R001603,E000106,topic,0.7239
R001604,E000209,topic,0.7836
R001605,E001372,topic,0.2044
R001606,E000974,topic,0.3245
R001607,E000039,topic,0.5542
R001608,E001951,topic,0.7373
R001609,E001031,topic,0.6952
R001610,E001020,topic,0.5184
R001611,E001134,topic,0.6963
R001612,E001122,topic,0.42
R001613,E001044,topic,0.0756
R001614,E001239,topic,0.1
R001615,E000221,topic,0.0704
R001616,E001843,topic,0.5521
R001617,E001925,topic,0.8096
R001618,E000138,topic,0.0536
R001619,E000518,topic,0.0378
R001620,E000165,topic,0.3767
R001621,E000649,topic,0.8473
R001622,E001835,topic,0.8998
R001623,E000395,topic,0.9141
R001624,E001354,topic,0.5781
R001625,E000907,topic,0.4035
R001626,E000746,topic,0.5659
R001627,E001070,topic,0.0234
R001628,E001856,topic,0.9651
R001629,E001120,topic,0.0443
R001630,E001245,topic,0.3378
R001631,E000784,topic,0.6891
R001632,E001652,topic,0.2309
R001633,E000190,topic,0.7306
R001634,E001845,topic,0.1609
R001635,E000284,topic,0.0124
R001636,E001243,topic,0.4682
R001637,E000788,topic,0.8815
R001638,E000560,topic,0.9563
R001639,E001713,topic,0.9675
R001640,E001172,topic,0.468
R001641,E000312,topic,0.1204
R001642,E001343,topic,0.8498
R001643,E000143,topic,0.3767
R001644,E000415,topic,0.3901
R001645,E001752,topic,0.68
R001646,E001845,topic,0.9438
R001647,E001241,topic,0.9627
R001648,E000133,topic,0.2872
R001649,E000670,topic,0.0821
R001650,E001824,topic,0.0269
R001651,E001700,topic,0.3481
R001652,E001635,topic,0.5029
R001653,E001448,topic,0.2847
R001654,E001189,topic,0.2687
R001655,E000131,topic,0.9118
R001656,E000563,topic,0.4065
R001657,E001304,topic,0.0634
R001658,E001243,topic,0.7811
R001659,E001773,topic,0.1713
R001660,E001392,topic,0.8958
R001661,E000246,topic,0.3451
R001662,E000473,topic,0.5097
R001663,E001285,topic,0.1489
R001664,E001151,topic,0.6137
R001665,E001666,topic,0.1182
R001666,E001045,topic,0.1891
R001667,E001559,topic,0.5815
R001668,E000127,topic,0.4058
R001669,E001516,topic,0.7469
R001670,E001486,topic,0.7353
R001671,E000558,topic,0.7705
R001672,E000815,topic,0.3503
R001673,E001388,topic,0.3921
R001674,E000666,topic,0.2215
R001675,E000941,topic,0.5965
R001676,E001462,topic,0.4927
R001677,E000424,topic,0.1019
R001678,E000966,topic,0.0882
R001679,E001409,topic,0.0584
R001680,E000338,topic,0.9884
R001681,E000074,topic,0.6202
R001682,E000308,topic,0.6681
R001683,E000316,topic,0.6674
R001684,E001779,topic,0.7439
R001685,E000499,topic,0.035
R001686,E000375,topic,0.3263
R001687,E001144,topic,0.0855
R001688,E001251,topic,0.6157
R001689,E000631,topic,0.6809
R001690,E001700,topic,0.9417
R001691,E001091,topic,0.5282
R001692,E001538,topic,0.8251
R001693,E000533,topic,0.774
R001694,E001825,topic,0.9497
R001695,E001347,topic,0.9481
R001696,E001073,topic,0.9017
R001697,E000394,topic,0.8823
R001698,E000655,topic,0.4728
R001699,E001309,topic,0.9528
R001700,E000746,topic,0.6188
R001701,E001806,topic,0.2051
R001702,E001645,topic,0.8817
R001703,E000135,topic,0.4048
R001704,E000870,topic,0.5148
R001705,E000399,topic,0.6889
R001706,E000728,topic,0.8697
R001707,E000298,topic,0.8464
R001708,E000909,topic,0.6768
R001709,E000868,topic,0.0203
R001710,E000451,topic,0.2247
R001711,E001242,topic,0.3376
R001712,E001733,topic,0.6171
R001713,E001581,topic,0.1405
R001714,E001931,topic,0.0371
R001715,E001231,topic,0.2778
R001716,E000638,topic,0.0244
R001717,E001710,topic,0.1831
R001718,E000084,topic,0.8086
R001719,E001284,topic,0.0195
R001720,E000595,topic,0.3462
R001721,E001261,topic,0.874
R001722,E001923,topic,0.4362
R001723,E001761,topic,0.4821
R001724,E000666,topic,0.8485
R001725,E001174,topic,0.5562
R001726,E000653,topic,0.4002
R001727,E001967,topic,0.4633
R001728,E000037,topic,0.2366
R001729,E000922,topic,0.1286
R001730,E001564,topic,0.4791
R001731,E001775,topic,0.0201
R001732,E001666,topic,0.6819
R001733,E001841,topic,0.8165
R001734,E000162,topic,0.23
R001735,E000432,topic,0.0895
R001736,E001015,topic,0.3591
R001737,E000001,topic,0.3661
R001738,E001577,topic,0.7332
R001739,E001060,topic,0.7486
R001740,E001120,topic,0.9898
R001741,E001703,topic,0.1446
R001742,E000605,topic,0.9275
R001743,E001597,topic,0.1055
R001744,E001821,topic,0.5286
R001745,E000517,topic,0.901
R001746,E001282,topic,0.6717
R001747,E001350,topic,0.6292
R001748,E000408,topic,0.0232
R001749,E000810,topic,0.1384
R001750,E001446,topic,0.0478
R001751,E000516,topic,0.4962
R001752,E000419,topic,0.8234
R001753,E001909,topic,0.4088
R001754,E001285,topic,0.7209
R001755,E001303,topic,0.3285
R001756,E001355,topic,0.0544
R001757,E000235,topic,0.9537
R001758,E000052,topic,0.6659
R001759,E000420,topic,0.1342
R001760,E001122,topic,0.1441
R001761,E000914,topic,0.4808
R001762,E001312,topic,0.9213
R001763,E000487,topic,0.3476
R001764,E000614,topic,0.9908
R001765,E000433,topic,0.8898
R001766,E000519,topic,0.7335
R001767,E001216,topic,0.8658
R001768,E000972,topic,0.8139
R001769,E000109,topic,0.2683
R001770,E001153,topic,0.9878
R001771,E000141,topic,0.1129
R001772,E000207,topic,0.07
R001773,E001441,topic,0.8676
R001774,E001796,topic,0.5859
R001775,E001460,topic,0.1783
R001776,E000644,topic,0.1067
R001777,E000323,topic,0.3169
R001778,E001378,topic,0.2519
R001779,E001836,topic,0.369
R001780,E000544,topic,0.3129
R001781,E000112,topic,0.701
R001782,E001508,topic,0.739
R001783,E001691,topic,0.8892
R001784,E001174,topic,0.6274
R001785,E001544,topic,0.7407
R001786,E001009,topic,0.3204
R001787,E000286,topic,0.3101
R001788,E000190,topic,0.1061
R001789,E001994,topic,0.0563
R001790,E000085,topic,0.6734
R001791,E000042,topic,0.2414
R001792,E001096,topic,0.994
R001793,E001523,topic,0.9734
R001794,E001047,topic,0.9636
R001795,E001740,topic,0.9743
R001796,E001643,topic,0.7619
R001797,E000800,topic,0.425
R001798,E000100,topic,0.5828
R001799,E000814,topic,0.7065
R001800,E000650,topic,0.7805
R001801,E000586,topic,0.1875
R001802,E000945,topic,0.0352
R001803,E000967,topic,0.5655
R001804,E001513,topic,0.4415
R001805,E001537,topic,0.1911
R001806,E001221,topic,0.9416
R001807,E000794,topic,0.114
R001808,E001079,topic,0.3478
R001809,E001352,topic,0.7401
R001810,E001146,topic,0.5073
R001811,E000256,topic,0.9391
R001812,E001671,topic,0.9871
R001813,E001180,topic,0.8821
R001814,E000517,topic,0.985
R001815,E001685,topic,0.4926
R001816,E001732,topic,0.4046
R001817,E001271,topic,0.3647
R001818,E001040,topic,0.3819
R001819,E001904,topic,0.8829
R001820,E000333,topic,0.7978
R001821,E001685,topic,0.0601
R001822,E001238,topic,0.1238
R001823,E001736,topic,0.6549
R001824,E000036,topic,0.4218
R001825,E001934,topic,0.6374
R001826,E001544,topic,0.2995
R001827,E001433,topic,0.0354
R001828,E000327,topic,0.2442
R001829,E000787,topic,0.4395
R001830,E000152,topic,0.1512
R001831,E001003,topic,0.7383
R001832,E000483,topic,0.6633
R001833,E000468,topic,0.2467
R001834,E001208,topic,0.2229
R001835,E000995,topic,0.705
R001836,E001129,topic,0.685
R001837,E000632,topic,0.7328
R001838,E001299,topic,0.3055
R001839,E000830,topic,0.4692
R001840,E001417,topic,0.1452
R001841,E000351,topic,0.0866
R001842,E000241,topic,0.1681
R001843,E001100,topic,0.0315
R001844,E001523,topic,0.5414
R001845,E001739,topic,0.8943
R001846,E000528,topic,0.5233
R001847,E000020,topic,0.8156
R001848,E000720,topic,0.6875
R001849,E000112,topic,0.7088
R001850,E000614,topic,0.2461
R001851,E000227,topic,0.4659
R001852,E001737,topic,0.181
R001853,E001466,topic,0.5176
R001854,E000875,topic,0.9778
R001855,E000587,topic,0.667
R001856,E000148,topic,0.7691
R001857,E000959,topic,0.6138
R001858,E001133,topic,0.1949
R001859,E000371,topic,0.9758
R001860,E000042,topic,0.6367
R001861,E000533,topic,0.6207
R001862,E001415,topic,0.9978
R001863,E000070,topic,0.395
R001864,E001341,topic,0.3351
R001865,E001586,topic,0.9723
R001866,E001174,topic,0.1565
R001867,E001610,topic,0.6826
R001868,E001145,topic,0.6617
R001869,E000405,topic,0.3763
R001870,E000677,topic,0.4897
R001871,E001925,topic,0.2724
R001872,E001616,topic,0.8757
R001873,E001737,topic,0.7396
R001874,E000587,topic,0.6711
R001875,E001277,topic,0.2418
R001876,E001706,topic,0.9029
R001877,E001174,topic,0.8817
R001878,E001039,topic,0.7577
R001879,E000964,topic,0.0752
R001880,E000550,topic,0.7718
R001881,E000275,topic,0.2369
R001882,E001062,topic,0.8046
R001883,E000058,topic,0.0692
R001884,E001867,topic,0.0306
R001885,E000252,topic,0.2152
R001886,E000658,topic,0.0963
R001887,E000631,topic,0.2655
R001888,E001994,topic,0.7167
R001889,E000955,topic,0.752
R001890,E000626,topic,0.5565
R001891,E001515,topic,0.9462
R001892,E000118,topic,0.0635
R001893,E001897,topic,0.5383
R001894,E001116,topic,0.5794
R001895,E000826,topic,0.6769
R001896,E000352,topic,0.575
R001897,E000509,topic,0.4325
R001898,E001936,topic,0.2096
R001899,E001492,topic,0.3652
R001900,E000127,topic,0.1149
R001901,E001694,topic,0.1621
R001902,E001312,topic,0.7131
R001903,E000759,topic,0.8055
R001904,E001619,topic,0.344
R001905,E001754,topic,0.627
R001906,E001594,topic,0.992
R001907,E001950,topic,0.8468
R001908,E000611,topic,0.7994
R001909,E001187,topic,0.3584
R001910,E001731,topic,0.1556
R001911,E001192,topic,0.0295
R001912,E001009,topic,0.1778
R001913,E001413,topic,0.1944
R001914,E000973,topic,0.426
R001915,E000108,topic,0.5795
R001916,E001217,topic,0.3603
R001917,E000838,topic,0.196
R001918,E000854,topic,0.9796
R001919,E001093,topic,0.2598
R001920,E000931,topic,0.6279
R001921,E001262,topic,0.4017
R001922,E000337,topic,0.2158
R001923,E001525,topic,0.6587
R001924,E001263,topic,0.474
R001925,E000467,topic,0.9929
R001926,E001339,topic,0.262
R001927,E000247,topic,0.6603
R001928,E000689,topic,0.1304
R001929,E000988,topic,0.9251
R001930,E001644,topic,0.5713
R001931,E001852,topic,0.4546
R001932,E001904,topic,0.6372
R001933,E001425,topic,0.6469
R001934,E001234,topic,0.3895
R001935,E000232,topic,0.7829
R001936,E000672,topic,0.3386
R001937,E000438,topic,0.4038
R001938,E001282,topic,0.1496
R001939,E000316,topic,0.5197
R001940,E001615,topic,0.3632
R001941,E000905,topic,0.514
R001942,E000591,topic,0.6183
R001943,E001702,topic,0.4678
R001944,E001367,topic,0.4575
R001945,E001993,topic,0.5488
R001946,E001297,topic,0.0159
R001947,E001847,topic,0.7061
R001948,E001182,topic,0.2045
R001949,E001009,topic,0.9727
R001950,E001903,topic,0.8591
R001951,E000248,topic,0.638
R001952,E001962,topic,0.9971
R001953,E000127,topic,0.5806
R001954,E001805,topic,0.7951
R001955,E000705,topic,0.1713
R001956,E001586,topic,0.6239
R001957,E000719,topic,0.2214
R001958,E000524,topic,0.4962
R001959,E000467,topic,0.9078
R001960,E001434,topic,0.6619
R001961,E001608,topic,0.8385
R001962,E000945,topic,0.5477
R001963,E001661,topic,0.1721
R001964,E001317,topic,0.2832
R001965,E001046,topic,0.8162
R001966,E001906,topic,0.1366
R001967,E001328,topic,0.5868
R001968,E001741,topic,0.7693
R001969,E001125,topic,0.4897
R001970,E001853,topic,0.3949
R001971,E001473,topic,0.694
R001972,E000034,topic,0.4498
R001973,E000801,topic,0.5596
R001974,E001074,topic,0.811
R001975,E001650,topic,0.3417
R001976,E001534,topic,0.0335
R001977,E001109,topic,0.0238
R001978,E001532,topic,0.8042
R001979,E000821,topic,0.7391
R001980,E001911,topic,0.7168
R001981,E001212,topic,0.7836
R001982,E000179,topic,0.5139
R001983,E001094,topic,0.7295
R001984,E001179,topic,0.7959
R001985,E000759,topic,0.5432
R001986,E001743,topic,0.9611
R001987,E000829,topic,0.9213
R001988,E001109,topic,0.2554
R001989,E000047,topic,0.91
R001990,E000502,topic,0.5978
R001991,E000044,topic,0.7375
R001992,E000937,topic,0.5108
R001993,E001434,topic,0.7705
R001994,E000387,topic,0.6438
R001995,E001505,topic,0.1746
R001996,E000984,topic,0.0049
R001997,E000769,topic,0.7617
R001998,E000479,topic,0.7921
R001999,E001207,topic,0.1859
