int_id,entity_id,kind,notes
IN000000,E000024,process_recipe,notes
IN000001,E001355,design_bundle,notes
IN000002,E001424,process_recipe,notes
IN000003,E001946,process_recipe,notes
IN000004,E000349,firmware,notes
IN000005,E001569,design_bundle,notes
IN000006,E000178,process_recipe,notes
IN000007,E001346,process_recipe,notes
IN000008,E000328,firmware,notes
IN000009,E000659,process_recipe,notes
IN000010,E000098,process_recipe,notes
IN000011,E000341,process_recipe,notes
IN000012,E000395,process_recipe,notes
IN000013,E001407,design_bundle,notes
IN000014,E001396,design_bundle,notes
IN000015,E001008,design_bundle,notes
IN000016,E000253,design_bundle,notes
IN000017,E000871,design_bundle,notes
IN000018,E000735,design_bundle,notes
IN000019,E001095,design_bundle,notes
IN000020,E001945,design_bundle,notes
IN000021,E000046,design_bundle,notes
IN000022,E001961,firmware,notes
IN000023,E000977,process_recipe,notes
IN000024,E000787,process_recipe,notes
IN000025,E001455,process_recipe,notes
IN000026,E000153,process_recipe,notes
IN000027,E000608,firmware,notes
IN000028,E001006,design_bundle,notes
IN000029,E001696,design_bundle,notes
IN000030,E000321,design_bundle,notes
IN000031,E001392,firmware,notes
IN000032,E001691,design_bundle,notes
IN000033,E001091,firmware,notes
IN000034,E001741,design_bundle,notes
IN000035,E000725,design_bundle,notes
IN000036,E001646,firmware,notes
IN000037,E001600,process_recipe,notes
IN000038,E000496,process_recipe,notes
IN000039,E001727,design_bundle,notes
IN000040,E000624,design_bundle,notes
IN000041,E000675,firmware,notes
IN000042,E000686,firmware,notes
IN000043,E000824,firmware,notes
IN000044,E000764,firmware,notes
IN000045,E000129,process_recipe,notes
IN000046,E001096,design_bundle,notes
IN000047,E001906,process_recipe,notes
IN000048,E000328,firmware,notes
IN000049,E001798,design_bundle,notes
IN000050,E000911,process_recipe,notes
IN000051,E001477,process_recipe,notes
IN000052,E000034,firmware,notes
IN000053,E000509,design_bundle,notes
IN000054,E000818,process_recipe,notes
IN000055,E001765,process_recipe,notes
IN000056,E000691,design_bundle,notes
IN000057,E001782,design_bundle,notes
IN000058,E000290,firmware,notes
IN000059,E000218,firmware,notes
IN000060,E000412,design_bundle,notes
IN000061,E000574,process_recipe,notes
IN000062,E000765,firmware,notes
IN000063,E001397,process_recipe,notes
IN000064,E000067,process_recipe,notes
IN000065,E000413,process_recipe,notes
IN000066,E000870,firmware,notes
IN000067,E000229,firmware,notes
IN000068,E000103,design_bundle,notes
IN000069,E000997,design_bundle,notes
IN000070,E000275,design_bundle,notes
IN000071,E000568,firmware,notes
IN000072,E001649,firmware,notes
IN000073,E001623,process_recipe,notes
IN000074,E000657,process_recipe,notes
IN000075,E001411,process_recipe,notes
IN000076,E000956,process_recipe,notes
IN000077,E001965,firmware,notes
IN000078,E001499,process_recipe,notes
IN000079,E000344,firmware,notes
IN000080,E001506,firmware,notes
IN000081,E000610,firmware,notes
IN000082,E000114,design_bundle,notes
IN000083,E000606,process_recipe,notes
IN000084,E001385,design_bundle,notes
IN000085,E000565,process_recipe,notes
IN000086,E001364,process_recipe,notes
IN000087,E000892,design_bundle,notes
IN000088,E000249,process_recipe,notes
IN000089,E000102,firmware,notes
IN000090,E000952,process_recipe,notes
IN000091,E001457,firmware,notes
IN000092,E001256,firmware,notes
IN000093,E001711,process_recipe,notes
IN000094,E001056,process_recipe,notes
IN000095,E000278,process_recipe,notes
IN000096,E000539,design_bundle,notes
IN000097,E001052,firmware,notes
IN000098,E001293,design_bundle,notes
IN000099,E001539,firmware,notes
IN000100,E000518,firmware,notes
IN000101,E000129,firmware,notes
IN000102,E000296,process_recipe,notes
IN000103,E001617,design_bundle,notes
IN000104,E001452,firmware,notes
IN000105,E000429,design_bundle,notes
IN000106,E001332,process_recipe,notes
IN000107,E001878,process_recipe,notes
IN000108,E000258,process_recipe,notes
IN000109,E001651,design_bundle,notes
IN000110,E000991,design_bundle,notes
IN000111,E000137,design_bundle,notes
IN000112,E001373,design_bundle,notes
IN000113,E000367,process_recipe,notes
IN000114,E001836,firmware,notes
IN000115,E001251,design_bundle,notes
IN000116,E001989,process_recipe,notes
IN000117,E000694,design_bundle,notes
IN000118,E001716,design_bundle,notes
IN000119,E001087,firmware,notes
IN000120,E001548,process_recipe,notes
IN000121,E001307,firmware,notes
IN000122,E000228,process_recipe,notes
IN000123,E000132,process_recipe,notes
IN000124,E001773,firmware,notes
IN000125,E000229,process_recipe,notes
IN000126,E001068,design_bundle,notes
IN000127,E001646,process_recipe,notes
IN000128,E000054,firmware,notes
IN000129,E000477,firmware,notes
IN000130,E001563,process_recipe,notes
IN000131,E000657,firmware,notes
IN000132,E001418,firmware,notes
IN000133,E001152,firmware,notes
IN000134,E001743,firmware,notes
IN000135,E001687,design_bundle,notes
IN000136,E000037,design_bundle,notes
IN000137,E000634,process_recipe,notes
IN000138,E001864,process_recipe,notes
IN000139,E001875,firmware,notes
IN000140,E001242,process_recipe,notes
IN000141,E001056,design_bundle,notes
IN000142,E001543,design_bundle,notes
IN000143,E000154,firmware,notes
IN000144,E000371,firmware,notes
IN000145,E001386,design_bundle,notes
IN000146,E001900,process_recipe,notes
IN000147,E000352,firmware,notes
IN000148,E001683,process_recipe,notes
IN000149,E001066,process_recipe,notes
IN000150,E000761,firmware,notes
IN000151,E001751,design_bundle,notes
IN000152,E001871,process_recipe,notes
IN000153,E001790,firmware,notes
IN000154,E000741,firmware,notes
IN000155,E001344,design_bundle,notes
IN000156,E000942,firmware,notes
IN000157,E001107,firmware,notes
IN000158,E001318,process_recipe,notes
IN000159,E001848,firmware,notes
IN000160,E000402,process_recipe,notes
IN000161,E001501,firmware,notes
IN000162,E000023,process_recipe,notes
IN000163,E001697,firmware,notes
IN000164,E001554,firmware,notes
IN000165,E000207,design_bundle,notes
IN000166,E001412,firmware,notes
IN000167,E000796,design_bundle,notes
IN000168,E001427,process_recipe,notes
IN000169,E000987,firmware,notes
IN000170,E001668,firmware,notes
IN000171,E000503,design_bundle,notes
IN000172,E001990,design_bundle,notes
IN000173,E000798,process_recipe,notes
IN000174,E001846,firmware,notes
IN000175,E000851,firmware,notes
IN000176,E000960,process_recipe,notes
IN000177,E001051,process_recipe,notes
IN000178,E000528,process_recipe,notes
IN000179,E000989,process_recipe,notes
IN000180,E000296,firmware,notes
IN000181,E000347,firmware,notes
IN000182,E001662,design_bundle,notes
IN000183,E000970,process_recipe,notes
IN000184,E001634,firmware,notes
IN000185,E000100,process_recipe,notes
IN000186,E001946,firmware,notes
IN000187,E001980,design_bundle,notes
IN000188,E000499,design_bundle,notes
IN000189,E000006,process_recipe,notes
IN000190,E000733,process_recipe,notes
IN000191,E001033,firmware,notes
IN000192,E000388,firmware,notes
IN000193,E001151,design_bundle,notes
IN000194,E001199,firmware,notes
IN000195,E001029,design_bundle,notes
IN000196,E000655,design_bundle,notes
IN000197,E000171,design_bundle,notes
IN000198,E000793,process_recipe,notes
IN000199,E001592,firmware,notes
IN000200,E000354,firmware,notes
IN000201,E000852,process_recipe,notes
IN000202,E000363,firmware,notes
IN000203,E001198,process_recipe,notes
IN000204,E000046,design_bundle,notes
IN000205,E000003,design_bundle,notes
IN000206,E001946,design_bundle,notes
IN000207,E001142,process_recipe,notes
IN000208,E000431,firmware,notes
IN000209,E000689,process_recipe,notes
IN000210,E001840,process_recipe,notes
IN000211,E000132,design_bundle,notes
IN000212,E000028,firmware,notes
IN000213,E001010,firmware,notes
IN000214,E000490,process_recipe,notes
IN000215,E001090,firmware,notes
IN000216,E000930,process_recipe,notes
IN000217,E001322,design_bundle,notes
IN000218,E001752,design_bundle,notes
IN000219,E000972,firmware,notes
IN000220,E000263,design_bundle,notes
IN000221,E000068,design_bundle,notes
IN000222,E001463,firmware,notes
IN000223,E000302,design_bundle,notes
IN000224,E000990,process_recipe,notes
IN000225,E000991,design_bundle,notes
IN000226,E000073,design_bundle,notes
IN000227,E001643,process_recipe,notes
IN000228,E000533,firmware,notes
IN000229,E000900,firmware,notes
IN000230,E000123,process_recipe,notes
IN000231,E000260,design_bundle,notes
IN000232,E001165,process_recipe,notes
IN000233,E000670,firmware,notes
IN000234,E001515,process_recipe,notes
IN000235,E001396,process_recipe,notes
IN000236,E001948,design_bundle,notes
IN000237,E001586,firmware,notes
IN000238,E000949,process_recipe,notes
IN000239,E001595,firmware,notes
IN000240,E001180,firmware,notes
IN000241,E000200,design_bundle,notes
IN000242,E001006,firmware,notes
IN000243,E000886,process_recipe,notes
IN000244,E001984,design_bundle,notes
IN000245,E000500,firmware,notes
IN000246,E000470,design_bundle,notes
IN000247,E001073,firmware,notes
IN000248,E001541,design_bundle,notes
IN000249,E000241,design_bundle,notes
IN000250,E001638,firmware,notes
IN000251,E001122,firmware,notes
IN000252,E001390,process_recipe,notes
IN000253,E000783,firmware,notes
IN000254,E001381,firmware,notes
IN000255,E001707,firmware,notes
IN000256,E000252,design_bundle,notes
IN000257,E000089,design_bundle,notes
IN000258,E000520,process_recipe,notes
IN000259,E001646,process_recipe,notes
IN000260,E000643,process_recipe,notes
IN000261,E001745,firmware,notes
IN000262,E000422,firmware,notes
IN000263,E001726,process_recipe,notes
IN000264,E001017,design_bundle,notes
IN000265,E000391,design_bundle,notes
IN000266,E000110,design_bundle,notes
IN000267,E000000,process_recipe,notes
IN000268,E000914,design_bundle,notes
IN000269,E001291,design_bundle,notes
IN000270,E000185,firmware,notes
IN000271,E001258,design_bundle,notes
IN000272,E000848,process_recipe,notes
IN000273,E001043,design_bundle,notes
IN000274,E001672,design_bundle,notes
IN000275,E001392,firmware,notes
IN000276,E000893,design_bundle,notes
IN000277,E000075,design_bundle,notes
IN000278,E000239,process_recipe,notes
IN000279,E001100,firmware,notes
IN000280,E000359,process_recipe,notes
IN000281,E000144,process_recipe,notes
IN000282,E000911,process_recipe,notes
IN000283,E001010,process_recipe,notes
IN000284,E000824,design_bundle,notes
IN000285,E000773,firmware,notes
IN000286,E001525,firmware,notes
IN000287,E001713,design_bundle,notes
IN000288,E000505,firmware,notes
IN000289,E001407,firmware,notes
IN000290,E000043,process_recipe,notes
IN000291,E000630,process_recipe,notes
IN000292,E001234,design_bundle,notes
IN000293,E000368,process_recipe,notes
IN000294,E001991,process_recipe,notes
IN000295,E001374,firmware,notes
IN000296,E000549,process_recipe,notes
IN000297,E001228,design_bundle,notes
IN000298,E001416,process_recipe,notes
IN000299,E001613,firmware,notes
IN000300,E000547,design_bundle,notes
IN000301,E001189,firmware,notes
IN000302,E001212,design_bundle,notes
IN000303,E001401,firmware,notes
IN000304,E001686,process_recipe,notes
IN000305,E000167,process_recipe,notes
IN000306,E000057,design_bundle,notes
IN000307,E000460,firmware,notes
IN000308,E001268,process_recipe,notes
IN000309,E001157,design_bundle,notes
IN000310,E000422,process_recipe,notes
IN000311,E000907,process_recipe,notes
IN000312,E000585,firmware,notes
IN000313,E001887,design_bundle,notes
IN000314,E000983,process_recipe,notes
IN000315,E000594,firmware,notes
IN000316,E000368,design_bundle,notes
IN000317,E001391,firmware,notes
IN000318,E000987,design_bundle,notes
IN000319,E001640,firmware,notes
IN000320,E001813,firmware,notes
IN000321,E001435,process_recipe,notes
IN000322,E000361,design_bundle,notes
IN000323,E000749,design_bundle,notes
IN000324,E001426,process_recipe,notes
IN000325,E001344,firmware,notes
IN000326,E000263,firmware,notes
IN000327,E001727,design_bundle,notes
IN000328,E000260,firmware,notes
IN000329,E000146,process_recipe,notes
IN000330,E001917,process_recipe,notes
IN000331,E000633,firmware,notes
IN000332,E000230,design_bundle,notes
IN000333,E000289,firmware,notes
IN000334,E000239,process_recipe,notes
IN000335,E001852,firmware,notes
IN000336,E001625,firmware,notes
IN000337,E001592,process_recipe,notes
IN000338,E000961,design_bundle,notes
IN000339,E001550,firmware,notes
IN000340,E000587,design_bundle,notes
IN000341,E000726,firmware,notes
IN000342,E001462,firmware,notes
IN000343,E000926,design_bundle,notes
IN000344,E001440,design_bundle,notes
IN000345,E001065,firmware,notes
IN000346,E000803,firmware,notes
IN000347,E000874,design_bundle,notes
IN000348,E001879,process_recipe,notes
IN000349,E001693,process_recipe,notes
IN000350,E000720,firmware,notes
IN000351,E000259,process_recipe,notes
IN000352,E000503,design_bundle,notes
IN000353,E000930,design_bundle,notes
IN000354,E001424,design_bundle,notes
IN000355,E000987,process_recipe,notes
IN000356,E001231,design_bundle,notes
IN000357,E000919,firmware,notes
IN000358,E000672,firmware,notes
IN000359,E000814,firmware,notes
IN000360,E000258,firmware,notes
IN000361,E001489,firmware,notes
IN000362,E000943,firmware,notes
IN000363,E001511,design_bundle,notes
IN000364,E000807,process_recipe,notes
IN000365,E001329,design_bundle,notes
IN000366,E000582,design_bundle,notes
IN000367,E000273,process_recipe,notes
IN000368,E001510,design_bundle,notes
IN000369,E001461,process_recipe,notes
IN000370,E000854,firmware,notes
IN000371,E000192,process_recipe,notes
IN000372,E000614,process_recipe,notes
IN000373,E001943,process_recipe,notes
IN000374,E001365,design_bundle,notes
IN000375,E001566,firmware,notes
IN000376,E001551,firmware,notes
IN000377,E000211,firmware,notes
IN000378,E001170,firmware,notes
IN000379,E000327,design_bundle,notes
IN000380,E000839,process_recipe,notes
IN000381,E001040,firmware,notes
IN000382,E001300,process_recipe,notes
IN000383,E000266,firmware,notes
IN000384,E001885,process_recipe,notes
IN000385,E001106,design_bundle,notes
IN000386,E001940,firmware,notes
IN000387,E001860,design_bundle,notes
IN000388,E001783,process_recipe,notes
IN000389,E000527,firmware,notes
IN000390,E000720,design_bundle,notes
IN000391,E001295,process_recipe,notes
IN000392,E000483,firmware,notes
IN000393,E000315,firmware,notes
IN000394,E001850,firmware,notes
IN000395,E001298,process_recipe,notes
IN000396,E000834,process_recipe,notes
IN000397,E000475,firmware,notes
IN000398,E000331,firmware,notes
IN000399,E000228,design_bundle,notes
IN000400,E000411,firmware,notes
IN000401,E001391,process_recipe,notes
IN000402,E000797,process_recipe,notes
IN000403,E000556,process_recipe,notes
IN000404,E001823,design_bundle,notes
IN000405,E001791,design_bundle,notes
IN000406,E001182,design_bundle,notes
IN000407,E000474,design_bundle,notes
IN000408,E001443,firmware,notes
IN000409,E001334,design_bundle,notes
IN000410,E001753,process_recipe,notes
IN000411,E001830,firmware,notes
IN000412,E001750,firmware,notes
IN000413,E000898,firmware,notes
IN000414,E001127,process_recipe,notes
IN000415,E000281,firmware,notes
IN000416,E000013,firmware,notes
IN000417,E000938,design_bundle,notes
IN000418,E000592,firmware,notes
IN000419,E000037,design_bundle,notes
IN000420,E000362,design_bundle,notes
IN000421,E000178,firmware,notes
IN000422,E001052,design_bundle,notes
IN000423,E000955,design_bundle,notes
IN000424,E000002,design_bundle,notes
IN000425,E000277,process_recipe,notes
IN000426,E001946,firmware,notes
IN000427,E001727,firmware,notes
IN000428,E001818,design_bundle,notes
IN000429,E001044,firmware,notes
IN000430,E000003,design_bundle,notes
IN000431,E001729,process_recipe,notes
IN000432,E000648,firmware,notes
IN000433,E001276,firmware,notes
IN000434,E000175,firmware,notes
IN000435,E001772,design_bundle,notes
IN000436,E000163,design_bundle,notes
IN000437,E001177,process_recipe,notes
IN000438,E000159,process_recipe,notes
IN000439,E000796,design_bundle,notes
IN000440,E001731,process_recipe,notes
IN000441,E001156,process_recipe,notes
IN000442,E000389,firmware,notes
IN000443,E000567,firmware,notes
IN000444,E000406,design_bundle,notes
IN000445,E001171,design_bundle,notes
IN000446,E001463,firmware,notes
IN000447,E001060,process_recipe,notes
IN000448,E000512,process_recipe,notes
IN000449,E001486,firmware,notes
IN000450,E001498,process_recipe,notes
IN000451,E001223,process_recipe,notes
IN000452,E001069,firmware,notes
IN000453,E000160,design_bundle,notes
IN000454,E001785,design_bundle,notes
IN000455,E000571,design_bundle,notes
IN000456,E000735,process_recipe,notes
IN000457,E000229,design_bundle,notes
IN000458,E000379,design_bundle,notes
IN000459,E000840,process_recipe,notes
IN000460,E001703,process_recipe,notes
IN000461,E001417,firmware,notes
IN000462,E001583,firmware,notes
IN000463,E000075,firmware,notes
IN000464,E000285,design_bundle,notes
IN000465,E001402,firmware,notes
IN000466,E000641,process_recipe,notes
IN000467,E000482,firmware,notes
IN000468,E001748,firmware,notes
IN000469,E001935,design_bundle,notes
IN000470,E000031,design_bundle,notes
IN000471,E001034,firmware,notes
IN000472,E001019,firmware,notes
IN000473,E001867,firmware,notes
IN000474,E000699,design_bundle,notes
IN000475,E000819,firmware,notes
IN000476,E000455,process_recipe,notes
IN000477,E000768,firmware,notes
IN000478,E001583,firmware,notes
IN000479,E001911,firmware,notes
IN000480,E000540,firmware,notes
IN000481,E001092,design_bundle,notes
IN000482,E000958,firmware,notes
IN000483,E001073,process_recipe,notes
IN000484,E000962,process_recipe,notes
IN000485,E000461,design_bundle,notes
IN000486,E000279,process_recipe,notes
IN000487,E000189,design_bundle,notes
IN000488,E000309,design_bundle,notes
IN000489,E000220,firmware,notes
IN000490,E001232,firmware,notes
IN000491,E000086,process_recipe,notes
IN000492,E001956,firmware,notes
IN000493,E001173,firmware,notes
IN000494,E001453,process_recipe,notes
IN000495,E000153,firmware,notes
IN000496,E001276,process_recipe,notes
IN000497,E000991,firmware,notes
IN000498,E000601,design_bundle,notes
IN000499,E000413,design_bundle,notes
IN000500,E001334,process_recipe,notes
IN000501,E000047,design_bundle,notes
IN000502,E000305,firmware,notes
IN000503,E001293,design_bundle,notes
IN000504,E000337,firmware,notes
IN000505,E001321,firmware,notes
IN000506,E001290,design_bundle,notes
IN000507,E001208,firmware,notes
IN000508,E000788,firmware,notes
IN000509,E001287,firmware,notes
IN000510,E000188,firmware,notes
IN000511,E000548,design_bundle,notes
IN000512,E001911,firmware,notes
IN000513,E001656,firmware,notes
IN000514,E000321,process_recipe,notes
IN000515,E000832,process_recipe,notes
IN000516,E000934,design_bundle,notes
IN000517,E000520,process_recipe,notes
IN000518,E001602,process_recipe,notes
IN000519,E000792,process_recipe,notes
IN000520,E001870,design_bundle,notes
IN000521,E000005,firmware,notes
IN000522,E000641,process_recipe,notes
IN000523,E001704,firmware,notes
IN000524,E001493,process_recipe,notes
IN000525,E000765,process_recipe,notes
IN000526,E001377,process_recipe,notes
IN000527,E000162,design_bundle,notes
IN000528,E000547,firmware,notes
IN000529,E000037,process_recipe,notes
IN000530,E000903,firmware,notes
IN000531,E001142,process_recipe,notes
IN000532,E001377,process_recipe,notes
IN000533,E000532,design_bundle,notes
IN000534,E000758,design_bundle,notes
IN000535,E001391,design_bundle,notes
IN000536,E000082,process_recipe,notes
IN000537,E001244,firmware,notes
IN000538,E001819,firmware,notes
IN000539,E000537,process_recipe,notes
IN000540,E001183,firmware,notes
IN000541,E000823,process_recipe,notes
IN000542,E001481,process_recipe,notes
IN000543,E000790,process_recipe,notes
IN000544,E001063,design_bundle,notes
IN000545,E001955,process_recipe,notes
IN000546,E001009,design_bundle,notes
IN000547,E000944,firmware,notes
IN000548,E001121,design_bundle,notes
IN000549,E000278,process_recipe,notes
IN000550,E001045,design_bundle,notes
IN000551,E001532,design_bundle,notes
IN000552,E000053,firmware,notes
IN000553,E000156,firmware,notes
IN000554,E000500,design_bundle,notes
IN000555,E000394,design_bundle,notes
IN000556,E000082,design_bundle,notes
IN000557,E000410,firmware,notes
IN000558,E001527,firmware,notes
IN000559,E000036,firmware,notes
IN000560,E001537,firmware,notes
IN000561,E000257,firmware,notes
IN000562,E001602,process_recipe,notes
IN000563,E001406,firmware,notes
IN000564,E000710,firmware,notes
IN000565,E001218,firmware,notes
IN000566,E000007,design_bundle,notes
IN000567,E000648,process_recipe,notes
IN000568,E001624,design_bundle,notes
IN000569,E001586,design_bundle,notes
IN000570,E001380,firmware,notes
IN000571,E000201,process_recipe,notes
IN000572,E001632,design_bundle,notes
IN000573,E001931,design_bundle,notes
IN000574,E000238,process_recipe,notes
IN000575,E001359,firmware,notes
IN000576,E001943,process_recipe,notes
IN000577,E000373,firmware,notes
IN000578,E000045,process_recipe,notes
IN000579,E001411,firmware,notes
IN000580,E001211,process_recipe,notes
IN000581,E000112,firmware,notes
IN000582,E001895,firmware,notes
IN000583,E001943,process_recipe,notes
IN000584,E001880,process_recipe,notes
IN000585,E001689,design_bundle,notes
IN000586,E001896,process_recipe,notes
IN000587,E001149,firmware,notes
IN000588,E000451,firmware,notes
IN000589,E000032,firmware,notes
IN000590,E000053,firmware,notes
IN000591,E001941,process_recipe,notes
IN000592,E001239,design_bundle,notes
IN000593,E000226,firmware,notes
IN000594,E000757,design_bundle,notes
IN000595,E000319,process_recipe,notes
IN000596,E000472,process_recipe,notes
IN000597,E001179,firmware,notes
IN000598,E001857,process_recipe,notes
IN000599,E001145,design_bundle,notes
IN000600,E001622,process_recipe,notes
IN000601,E000012,process_recipe,notes
IN000602,E000099,process_recipe,notes
IN000603,E001540,design_bundle,notes
IN000604,E000422,firmware,notes
IN000605,E001280,firmware,notes
IN000606,E000542,process_recipe,notes
IN000607,E001109,firmware,notes
IN000608,E001810,firmware,notes
IN000609,E000833,firmware,notes
IN000610,E001085,process_recipe,notes
IN000611,E000634,process_recipe,notes
IN000612,E000453,process_recipe,notes
IN000613,E000671,process_recipe,notes
IN000614,E001335,process_recipe,notes
IN000615,E001133,process_recipe,notes
IN000616,E000773,design_bundle,notes
IN000617,E001967,process_recipe,notes
IN000618,E000606,firmware,notes
IN000619,E000160,design_bundle,notes
IN000620,E001898,design_bundle,notes
IN000621,E001981,design_bundle,notes
IN000622,E000445,process_recipe,notes
IN000623,E001350,process_recipe,notes
IN000624,E000668,design_bundle,notes
IN000625,E001143,design_bundle,notes
IN000626,E000168,design_bundle,notes
IN000627,E000816,design_bundle,notes
IN000628,E001767,process_recipe,notes
IN000629,E000029,design_bundle,notes
IN000630,E001813,design_bundle,notes
IN000631,E001487,firmware,notes
IN000632,E001702,firmware,notes
IN000633,E001567,firmware,notes
IN000634,E000035,design_bundle,notes
IN000635,E001340,process_recipe,notes
IN000636,E001179,firmware,notes
IN000637,E001066,design_bundle,notes
IN000638,E000687,design_bundle,notes
IN000639,E000474,firmware,notes
IN000640,E000304,process_recipe,notes
IN000641,E001317,firmware,notes
IN000642,E000028,process_recipe,notes
IN000643,E000976,design_bundle,notes
IN000644,E001796,firmware,notes
IN000645,E000395,design_bundle,notes
IN000646,E001565,design_bundle,notes
IN000647,E000794,process_recipe,notes
IN000648,E001517,design_bundle,notes
IN000649,E001798,design_bundle,notes
IN000650,E001937,firmware,notes
IN000651,E000671,design_bundle,notes
IN000652,E001397,firmware,notes
IN000653,E001813,firmware,notes
IN000654,E001560,design_bundle,notes
IN000655,E000654,firmware,notes
IN000656,E001877,firmware,notes
IN000657,E000533,process_recipe,notes
IN000658,E000555,process_recipe,notes
IN000659,E001823,design_bundle,notes
IN000660,E001058,process_recipe,notes
IN000661,E000375,firmware,notes
IN000662,E000786,design_bundle,notes
IN000663,E000905,design_bundle,notes
IN000664,E001373,design_bundle,notes
IN000665,E000298,process_recipe,notes
IN000666,E001239,firmware,notes
IN000667,E000522,process_recipe,notes
IN000668,E000500,process_recipe,notes
IN000669,E001613,design_bundle,notes
IN000670,E000544,design_bundle,notes
IN000671,E001690,process_recipe,notes
IN000672,E001282,firmware,notes
IN000673,E000648,process_recipe,notes
IN000674,E000859,design_bundle,notes
IN000675,E000128,firmware,notes
IN000676,E001320,process_recipe,notes
IN000677,E000901,firmware,notes
IN000678,E000541,process_recipe,notes
IN000679,E001168,firmware,notes
IN000680,E001390,design_bundle,notes
IN000681,E001496,process_recipe,notes
IN000682,E001384,process_recipe,notes
IN000683,E000809,process_recipe,notes
IN000684,E000012,process_recipe,notes
IN000685,E001776,design_bundle,notes
IN000686,E001597,firmware,notes
IN000687,E000288,firmware,notes
IN000688,E000391,firmware,notes
IN000689,E001459,firmware,notes
IN000690,E000959,firmware,notes
IN000691,E001205,firmware,notes
IN000692,E000804,process_recipe,notes
IN000693,E001790,design_bundle,notes
IN000694,E000349,design_bundle,notes
IN000695,E000631,firmware,notes
IN000696,E001187,process_recipe,notes
IN000697,E000764,firmware,notes
IN000698,E000040,firmware,notes
IN000699,E000940,design_bundle,notes
IN000700,E001583,design_bundle,notes
IN000701,E001282,design_bundle,notes
IN000702,E001182,firmware,notes
IN000703,E000821,firmware,notes
IN000704,E001437,firmware,notes
IN000705,E000259,process_recipe,notes
IN000706,E000443,process_recipe,notes
IN000707,E001464,process_recipe,notes
IN000708,E000782,firmware,notes
IN000709,E000692,process_recipe,notes
IN000710,E000525,design_bundle,notes
IN000711,E000288,firmware,notes
IN000712,E000889,process_recipe,notes
IN000713,E000076,process_recipe,notes
IN000714,E001672,design_bundle,notes
IN000715,E000997,design_bundle,notes
IN000716,E001872,process_recipe,notes
IN000717,E001989,process_recipe,notes
IN000718,E000513,firmware,notes
IN000719,E001334,process_recipe,notes
IN000720,E000498,design_bundle,notes
IN000721,E001946,process_recipe,notes
IN000722,E001235,firmware,notes
IN000723,E001555,design_bundle,notes
IN000724,E000219,firmware,notes
IN000725,E001928,process_recipe,notes
IN000726,E000881,process_recipe,notes
IN000727,E001378,firmware,notes
IN000728,E001752,process_recipe,notes
IN000729,E000080,design_bundle,notes
IN000730,E000562,firmware,notes
IN000731,E001186,firmware,notes
IN000732,E001277,design_bundle,notes
IN000733,E000139,process_recipe,notes
IN000734,E000710,firmware,notes
IN000735,E000658,design_bundle,notes
IN000736,E000517,firmware,notes
IN000737,E000122,firmware,notes
IN000738,E000487,firmware,notes
IN000739,E000093,design_bundle,notes
IN000740,E000930,process_recipe,notes
IN000741,E001254,firmware,notes
IN000742,E001420,firmware,notes
IN000743,E001448,firmware,notes
IN000744,E000334,process_recipe,notes
IN000745,E000522,design_bundle,notes
IN000746,E001898,firmware,notes
IN000747,E001918,firmware,notes
IN000748,E001910,firmware,notes
IN000749,E000963,design_bundle,notes
IN000750,E000316,firmware,notes
IN000751,E001455,firmware,notes
IN000752,E000662,firmware,notes
IN000753,E001583,firmware,notes
IN000754,E000798,process_recipe,notes
IN000755,E000370,design_bundle,notes
IN000756,E001789,firmware,notes
IN000757,E000737,process_recipe,notes
IN000758,E000985,design_bundle,notes
IN000759,E000921,design_bundle,notes
IN000760,E001999,design_bundle,notes
IN000761,E001195,design_bundle,notes
IN000762,E000212,process_recipe,notes
IN000763,E000025,firmware,notes
IN000764,E001900,firmware,notes
IN000765,E001429,firmware,notes
IN000766,E001046,firmware,notes
IN000767,E001154,design_bundle,notes
IN000768,E000780,process_recipe,notes
IN000769,E000906,firmware,notes
IN000770,E000434,design_bundle,notes
IN000771,E001275,firmware,notes
IN000772,E000074,firmware,notes
IN000773,E001501,process_recipe,notes
IN000774,E000421,firmware,notes
IN000775,E000461,design_bundle,notes
IN000776,E000080,process_recipe,notes
IN000777,E000346,firmware,notes
IN000778,E001960,process_recipe,notes
IN000779,E001166,process_recipe,notes
IN000780,E000880,process_recipe,notes
IN000781,E001684,process_recipe,notes
IN000782,E000679,firmware,notes
IN000783,E000668,process_recipe,notes
IN000784,E001243,firmware,notes
IN000785,E000671,process_recipe,notes
IN000786,E000768,firmware,notes
IN000787,E001504,process_recipe,notes
IN000788,E001661,process_recipe,notes
IN000789,E000585,design_bundle,notes
IN000790,E001106,process_recipe,notes
IN000791,E001605,firmware,notes
IN000792,E001795,process_recipe,notes
IN000793,E000474,process_recipe,notes
IN000794,E001389,process_recipe,notes
IN000795,E000404,firmware,notes
IN000796,E001513,design_bundle,notes
IN000797,E000697,design_bundle,notes
IN000798,E000404,design_bundle,notes
IN000799,E001332,design_bundle,notes
IN000800,E001924,firmware,notes
IN000801,E000032,process_recipe,notes
IN000802,E000404,process_recipe,notes
IN000803,E000009,firmware,notes
IN000804,E000231,firmware,notes
IN000805,E001477,firmware,notes
IN000806,E000288,design_bundle,notes
IN000807,E000245,process_recipe,notes
IN000808,E000511,firmware,notes
IN000809,E001713,process_recipe,notes
IN000810,E001194,process_recipe,notes
IN000811,E000355,process_recipe,notes
IN000812,E000484,firmware,notes
IN000813,E000879,design_bundle,notes
IN000814,E000675,design_bundle,notes
IN000815,E001817,process_recipe,notes
IN000816,E000479,design_bundle,notes
IN000817,E000246,firmware,notes
IN000818,E000282,firmware,notes
IN000819,E000307,process_recipe,notes
IN000820,E000446,firmware,notes
IN000821,E000372,firmware,notes
IN000822,E000851,process_recipe,notes
IN000823,E000485,design_bundle,notes
IN000824,E001102,design_bundle,notes
IN000825,E001604,design_bundle,notes
IN000826,E000112,design_bundle,notes
IN000827,E000867,design_bundle,notes
IN000828,E000872,design_bundle,notes
IN000829,E001548,design_bundle,notes
IN000830,E001558,firmware,notes
IN000831,E001623,design_bundle,notes
IN000832,E001612,design_bundle,notes
IN000833,E000874,design_bundle,notes
IN000834,E001373,firmware,notes
IN000835,E001909,design_bundle,notes
IN000836,E000751,process_recipe,notes
IN000837,E001393,firmware,notes
IN000838,E000613,design_bundle,notes
IN000839,E000340,firmware,notes
IN000840,E000307,design_bundle,notes
IN000841,E000230,firmware,notes
IN000842,E000097,firmware,notes
IN000843,E000084,process_recipe,notes
IN000844,E001692,process_recipe,notes
IN000845,E000321,process_recipe,notes
IN000846,E000158,process_recipe,notes
IN000847,E000423,design_bundle,notes
IN000848,E001624,process_recipe,notes
IN000849,E001044,design_bundle,notes
IN000850,E000482,process_recipe,notes
IN000851,E001623,process_recipe,notes
IN000852,E000440,firmware,notes
IN000853,E001378,design_bundle,notes
IN000854,E001784,firmware,notes
IN000855,E000805,design_bundle,notes
IN000856,E000353,firmware,notes
IN000857,E000132,firmware,notes
IN000858,E000002,design_bundle,notes
IN000859,E001597,process_recipe,notes
IN000860,E001890,firmware,notes
IN000861,E001319,design_bundle,notes
IN000862,E001971,design_bundle,notes
IN000863,E001877,firmware,notes
IN000864,E000710,design_bundle,notes
IN000865,E001589,firmware,notes
IN000866,E000956,process_recipe,notes
IN000867,E000740,firmware,notes
IN000868,E000704,process_recipe,notes
IN000869,E000451,firmware,notes
IN000870,E001985,design_bundle,notes
IN000871,E000600,process_recipe,notes
IN000872,E000267,design_bundle,notes
IN000873,E001810,process_recipe,notes
IN000874,E000679,process_recipe,notes
IN000875,E001543,design_bundle,notes
IN000876,E001260,process_recipe,notes
IN000877,E001286,design_bundle,notes
IN000878,E001344,design_bundle,notes
IN000879,E001408,process_recipe,notes
IN000880,E001586,process_recipe,notes
IN000881,E000380,process_recipe,notes
IN000882,E000187,design_bundle,notes
IN000883,E001518,design_bundle,notes
IN000884,E001633,design_bundle,notes
IN000885,E001249,design_bundle,notes
IN000886,E000659,process_recipe,notes
IN000887,E001180,design_bundle,notes
IN000888,E000000,design_bundle,notes
IN000889,E001892,process_recipe,notes
IN000890,E001016,design_bundle,notes
IN000891,E001464,process_recipe,notes
IN000892,E001636,firmware,notes
IN000893,E000381,design_bundle,notes
IN000894,E001399,firmware,notes
IN000895,E001701,firmware,notes
IN000896,E001379,process_recipe,notes
IN000897,E000407,firmware,notes
IN000898,E001411,design_bundle,notes
IN000899,E001596,firmware,notes
IN000900,E001484,process_recipe,notes
IN000901,E001657,process_recipe,notes
IN000902,E000031,design_bundle,notes
IN000903,E001103,firmware,notes
IN000904,E001066,process_recipe,notes
IN000905,E001268,process_recipe,notes
IN000906,E000744,design_bundle,notes
IN000907,E000495,process_recipe,notes
IN000908,E000019,design_bundle,notes
IN000909,E000548,design_bundle,notes
IN000910,E001990,process_recipe,notes
IN000911,E000578,firmware,notes
IN000912,E000380,design_bundle,notes
IN000913,E001721,design_bundle,notes
IN000914,E000618,design_bundle,notes
IN000915,E000438,process_recipe,notes
IN000916,E000988,firmware,notes
IN000917,E001476,firmware,notes
IN000918,E001856,design_bundle,notes
IN000919,E001978,design_bundle,notes
IN000920,E000548,process_recipe,notes
IN000921,E001258,process_recipe,notes
IN000922,E001923,process_recipe,notes
IN000923,E000727,firmware,notes
IN000924,E000320,process_recipe,notes
IN000925,E000052,process_recipe,notes
IN000926,E000088,firmware,notes
IN000927,E000525,process_recipe,notes
IN000928,E000186,design_bundle,notes
IN000929,E000038,design_bundle,notes
IN000930,E001157,design_bundle,notes
IN000931,E000332,design_bundle,notes
IN000932,E001093,firmware,notes
IN000933,E001267,process_recipe,notes
IN000934,E000021,design_bundle,notes
IN000935,E001585,firmware,notes
IN000936,E000460,firmware,notes
IN000937,E001717,firmware,notes
IN000938,E001428,design_bundle,notes
IN000939,E001707,firmware,notes
IN000940,E000060,process_recipe,notes
IN000941,E000291,firmware,notes
IN000942,E001619,firmware,notes
IN000943,E001918,firmware,notes
IN000944,E001755,firmware,notes
IN000945,E000021,process_recipe,notes
IN000946,E001380,design_bundle,notes
IN000947,E000916,design_bundle,notes
IN000948,E001037,process_recipe,notes
IN000949,E000429,firmware,notes
IN000950,E001843,process_recipe,notes
IN000951,E001355,process_recipe,notes
IN000952,E001809,process_recipe,notes
IN000953,E000600,process_recipe,notes
IN000954,E000393,design_bundle,notes
IN000955,E001583,design_bundle,notes
IN000956,E000941,design_bundle,notes
IN000957,E001022,process_recipe,notes
IN000958,E001366,process_recipe,notes
IN000959,E001734,process_recipe,notes
IN000960,E000621,firmware,notes
IN000961,E000624,firmware,notes
IN000962,E000034,firmware,notes
IN000963,E001338,firmware,notes
IN000964,E001938,design_bundle,notes
IN000965,E000565,process_recipe,notes
IN000966,E001421,process_recipe,notes
IN000967,E000819,design_bundle,notes
IN000968,E001184,design_bundle,notes
IN000969,E000382,firmware,notes
IN000970,E000980,process_recipe,notes
IN000971,E001947,design_bundle,notes
IN000972,E001635,process_recipe,notes
IN000973,E001248,process_recipe,notes
IN000974,E001118,design_bundle,notes
IN000975,E001996,firmware,notes
IN000976,E000445,firmware,notes
IN000977,E001061,design_bundle,notes
IN000978,E000357,process_recipe,notes
IN000979,E001541,design_bundle,notes
IN000980,E001335,process_recipe,notes
IN000981,E001858,firmware,notes
IN000982,E000064,process_recipe,notes
IN000983,E000349,design_bundle,notes
IN000984,E000967,design_bundle,notes
IN000985,E001125,design_bundle,notes
IN000986,E000175,design_bundle,notes
IN000987,E000988,firmware,notes
IN000988,E000627,firmware,notes
IN000989,E000133,process_recipe,notes
IN000990,E000858,design_bundle,notes
IN000991,E001341,process_recipe,notes
IN000992,E000760,design_bundle,notes
IN000993,E001145,design_bundle,notes
IN000994,E000275,design_bundle,notes
IN000995,E000089,design_bundle,notes
IN000996,E001249,firmware,notes
IN000997,E001486,design_bundle,notes
IN000998,E000123,design_bundle,notes
IN000999,E000864,process_recipe,notes
IN001000,E001054,process_recipe,notes
IN001001,E000350,firmware,notes
IN001002,E001891,process_recipe,notes
IN001003,E000933,design_bundle,notes
IN001004,E001701,process_recipe,notes
IN001005,E001352,process_recipe,notes
IN001006,E000818,firmware,notes
IN001007,E001838,firmware,notes
IN001008,E000071,design_bundle,notes
IN001009,E001798,firmware,notes
IN001010,E001516,process_recipe,notes
IN001011,E000309,process_recipe,notes
IN001012,E000158,firmware,notes
IN001013,E001884,design_bundle,notes
IN001014,E001643,design_bundle,notes
IN001015,E000118,firmware,notes
IN001016,E000409,process_recipe,notes
IN001017,E000531,firmware,notes
IN001018,E001913,firmware,notes
IN001019,E000176,firmware,notes
IN001020,E000577,design_bundle,notes
IN001021,E001795,design_bundle,notes
IN001022,E000240,design_bundle,notes
IN001023,E001969,design_bundle,notes
IN001024,E000385,process_recipe,notes
IN001025,E001490,firmware,notes
IN001026,E001289,firmware,notes
IN001027,E001614,firmware,notes
IN001028,E000722,firmware,notes
IN001029,E001576,firmware,notes
IN001030,E001980,process_recipe,notes
IN001031,E001601,process_recipe,notes
IN001032,E001542,firmware,notes
IN001033,E001162,design_bundle,notes
IN001034,E001372,process_recipe,notes
IN001035,E000351,firmware,notes
IN001036,E000627,process_recipe,notes
IN001037,E000718,firmware,notes
IN001038,E001217,process_recipe,notes
IN001039,E000411,firmware,notes
IN001040,E001580,design_bundle,notes
IN001041,E000426,firmware,notes
IN001042,E001851,process_recipe,notes
IN001043,E000897,design_bundle,notes
IN001044,E001029,design_bundle,notes
IN001045,E000555,design_bundle,notes
IN001046,E000547,process_recipe,notes
IN001047,E000168,design_bundle,notes
IN001048,E000912,process_recipe,notes
IN001049,E000490,process_recipe,notes
IN001050,E001336,firmware,notes
IN001051,E000947,process_recipe,notes
IN001052,E001094,process_recipe,notes
IN001053,E000291,process_recipe,notes
IN001054,E000046,firmware,notes
IN001055,E001658,firmware,notes
IN001056,E001634,design_bundle,notes
IN001057,E001744,process_recipe,notes
IN001058,E000481,process_recipe,notes
IN001059,E000562,process_recipe,notes
IN001060,E001315,design_bundle,notes
IN001061,E001400,process_recipe,notes
IN001062,E000306,firmware,notes
IN001063,E001903,firmware,notes
IN001064,E001207,firmware,notes
IN001065,E001469,firmware,notes
IN001066,E000654,design_bundle,notes
IN001067,E000417,firmware,notes
IN001068,E000546,process_recipe,notes
IN001069,E001694,process_recipe,notes
IN001070,E000267,firmware,notes
IN001071,E001920,firmware,notes
IN001072,E000408,firmware,notes
IN001073,E001874,process_recipe,notes
IN001074,E000974,firmware,notes
IN001075,E001375,process_recipe,notes
IN001076,E001860,process_recipe,notes
IN001077,E001287,firmware,notes
IN001078,E001964,process_recipe,notes
IN001079,E000539,firmware,notes
IN001080,E000640,design_bundle,notes
IN001081,E000355,design_bundle,notes
IN001082,E001079,firmware,notes
IN001083,E000642,process_recipe,notes
IN001084,E001274,design_bundle,notes
IN001085,E001770,design_bundle,notes
IN001086,E001825,firmware,notes
IN001087,E000845,design_bundle,notes
IN001088,E000512,process_recipe,notes
IN001089,E001431,design_bundle,notes
IN001090,E000068,design_bundle,notes
IN001091,E000486,firmware,notes
IN001092,E000813,design_bundle,notes
IN001093,E000513,design_bundle,notes
IN001094,E000142,firmware,notes
IN001095,E001578,design_bundle,notes
IN001096,E000908,firmware,notes
IN001097,E000056,process_recipe,notes
IN001098,E001541,design_bundle,notes
IN001099,E000621,process_recipe,notes
IN001100,E001490,process_recipe,notes
IN001101,E000845,process_recipe,notes
IN001102,E001275,firmware,notes
IN001103,E000290,firmware,notes
IN001104,E001394,process_recipe,notes
IN001105,E001950,firmware,notes
IN001106,E000538,design_bundle,notes
IN001107,E000441,process_recipe,notes
IN001108,E001718,design_bundle,notes
IN001109,E000865,firmware,notes
IN001110,E000390,process_recipe,notes
IN001111,E001800,process_recipe,notes
IN001112,E000901,process_recipe,notes
IN001113,E001598,process_recipe,notes
IN001114,E000085,design_bundle,notes
IN001115,E001137,design_bundle,notes
IN001116,E000630,design_bundle,notes
IN001117,E000553,firmware,notes
IN001118,E000074,design_bundle,notes
IN001119,E000819,process_recipe,notes
IN001120,E001803,process_recipe,notes
IN001121,E001072,design_bundle,notes
IN001122,E001061,design_bundle,notes
IN001123,E000973,process_recipe,notes
IN001124,E000637,design_bundle,notes
IN001125,E000143,process_recipe,notes
IN001126,E001230,firmware,notes
IN001127,E000447,firmware,notes
IN001128,E000413,firmware,notes
IN001129,E000684,firmware,notes
IN001130,E001432,firmware,notes
IN001131,E001341,design_bundle,notes
IN001132,E001233,process_recipe,notes
IN001133,E001860,process_recipe,notes
IN001134,E001147,firmware,notes
IN001135,E000674,design_bundle,notes
IN001136,E000846,design_bundle,notes
IN001137,E000168,firmware,notes
IN001138,E001302,firmware,notes
IN001139,E000472,firmware,notes
IN001140,E001071,process_recipe,notes
IN001141,E001960,design_bundle,notes
IN001142,E000955,process_recipe,notes
IN001143,E001357,process_recipe,notes
IN001144,E001704,process_recipe,notes
IN001145,E000322,firmware,notes
IN001146,E000511,design_bundle,notes
IN001147,E000571,firmware,notes
IN001148,E000832,design_bundle,notes
IN001149,E000785,firmware,notes
IN001150,E001557,firmware,notes
IN001151,E001061,firmware,notes
IN001152,E001255,design_bundle,notes
IN001153,E000151,firmware,notes
IN001154,E000065,firmware,notes
IN001155,E001043,design_bundle,notes
IN001156,E001869,firmware,notes
IN001157,E000181,firmware,notes
IN001158,E000579,firmware,notes
IN001159,E000773,firmware,notes
IN001160,E000292,firmware,notes
IN001161,E001241,firmware,notes
IN001162,E000050,process_recipe,notes
IN001163,E000137,firmware,notes
IN001164,E000147,design_bundle,notes
IN001165,E000968,design_bundle,notes
IN001166,E000030,process_recipe,notes
IN001167,E001278,design_bundle,notes
IN001168,E000343,design_bundle,notes
IN001169,E001951,design_bundle,notes
IN001170,E000738,design_bundle,notes
IN001171,E001524,process_recipe,notes
IN001172,E000419,process_recipe,notes
IN001173,E000918,process_recipe,notes
IN001174,E001548,firmware,notes
IN001175,E000890,process_recipe,notes
IN001176,E000508,design_bundle,notes
IN001177,E000706,design_bundle,notes
IN001178,E001313,process_recipe,notes
IN001179,E000570,process_recipe,notes
IN001180,E000080,firmware,notes
IN001181,E000147,process_recipe,notes
IN001182,E001229,process_recipe,notes
IN001183,E000249,process_recipe,notes
IN001184,E001722,design_bundle,notes
IN001185,E001265,process_recipe,notes
IN001186,E001635,firmware,notes
IN001187,E000830,design_bundle,notes
IN001188,E000451,firmware,notes
IN001189,E001964,design_bundle,notes
IN001190,E000568,firmware,notes
IN001191,E001201,design_bundle,notes
IN001192,E001192,firmware,notes
IN001193,E001011,firmware,notes
IN001194,E001532,process_recipe,notes
IN001195,E001432,design_bundle,notes
IN001196,E000204,design_bundle,notes
IN001197,E001414,process_recipe,notes
IN001198,E001635,process_recipe,notes
IN001199,E000234,design_bundle,notes
