tender_id,buyer_id,awardee_id,domain,value
T000000,E001311,E000118,chemicals_precursors,1327944
T000001,E001293,E001330,luxury_dual_use_consumer,154283
T000002,E001733,E000916,machine_tools,3564202
T000003,E000241,E000036,luxury_dual_use_consumer,739652
T000004,E000716,E000316,intangibles,298056
T000005,E001335,E001079,procurement,3377610
T000006,E001451,E001601,chemicals_precursors,4472592
T000007,E001979,E001394,maritime_port_equipment,3860988
T000008,E001969,E000626,medical_bio_lab,4681383
T000009,E001147,E001703,finance_signals,1595815
T000010,E001338,E001196,machine_tools,1325082
T000011,E000067,E001909,machine_tools,3944043
T000012,E001032,E001691,services,4299905
T000013,E001605,E000481,energy_equipment,3659845
T000014,E000617,E001336,luxury_dual_use_consumer,2378653
T000015,E001366,E000032,medical_bio_lab,659354
T000016,E001768,E001785,maritime_port_equipment,3311486
T000017,E000291,E000245,intangibles,910278
T000018,E000574,E000935,chemicals_precursors,4364405
T000019,E001347,E001752,chemicals_precursors,603520
T000020,E001416,E000798,research_links,151508
T000021,E001303,E000987,chemicals_precursors,4955356
T000022,E000983,E001661,machine_tools,3182567
T000023,E001765,E001240,services,92405
T000024,E001904,E001852,medical_bio_lab,961294
T000025,E000082,E001483,procurement,92751
T000026,E000740,E001818,procurement,4655549
T000027,E001398,E000058,procurement,2510316
T000028,E000538,E001877,luxury_dual_use_consumer,1983003
T000029,E000216,E000375,medical_bio_lab,4021076
T000030,E000106,E001914,energy_equipment,550867
T000031,E001189,E000762,research_links,3036289
T000032,E000415,E000605,procurement,218583
T000033,E000419,E001853,maritime_port_equipment,1468650
T000034,E000248,E001804,energy_equipment,2979457
T000035,E001397,E001758,procurement,595720
T000036,E000969,E001095,aerospace_uas_avionics,4923868
T000037,E001443,E000158,energy_equipment,561238
T000038,E000779,E001424,machine_tools,2985771
T000039,E000325,E001112,chemicals_precursors,146672
T000040,E001762,E001973,research_links,3842739
T000041,E000997,E001977,medical_bio_lab,4293582
T000042,E000163,E001519,services,387322
T000043,E000661,E001081,energy_equipment,2726337
T000044,E000706,E001050,chemicals_precursors,856123
T000045,E001424,E001327,energy_equipment,4656794
T000046,E000524,E000855,procurement,163864
T000047,E000654,E001826,machine_tools,3088473
T000048,E001461,E001990,aerospace_uas_avionics,2773745
T000049,E000452,E000031,services,2737085
T000050,E000514,E000789,energy_equipment,2674875
T000051,E000971,E001498,machine_tools,3066479
T000052,E000186,E000842,machine_tools,683475
T000053,E001840,E001623,chemicals_precursors,1448873
T000054,E001997,E001719,medical_bio_lab,2754323
T000055,E000318,E000655,research_links,1048959
T000056,E001733,E001809,procurement,910433
T000057,E001243,E000165,intangibles,2896308
T000058,E000826,E001385,energy_equipment,4209470
T000059,E000788,E001972,luxury_dual_use_consumer,4179189
T000060,E001155,E000389,aerospace_uas_avionics,2723612
T000061,E000707,E000612,procurement,2823689
T000062,E000992,E000298,procurement,1611426
T000063,E000741,E000247,intangibles,3195354
T000064,E000673,E001740,intangibles,4167719
T000065,E000135,E001596,maritime_port_equipment,1399481
T000066,E000587,E001089,luxury_dual_use_consumer,2736649
T000067,E001472,E000303,maritime_port_equipment,2387098
T000068,E000652,E001845,maritime_port_equipment,233993
T000069,E000356,E001171,services,3983155
T000070,E000465,E000666,research_links,2262764
T000071,E000438,E000580,research_links,309508
T000072,E000980,E001474,energy_equipment,793275
T000073,E001537,E001496,medical_bio_lab,2250446
T000074,E000778,E000492,chemicals_precursors,3256624
T000075,E000363,E000166,finance_signals,1062221
T000076,E001680,E000640,research_links,3637368
T000077,E000224,E001980,services,1859700
T000078,E000436,E001577,services,537484
T000079,E000640,E000998,energy_equipment,2034448
T000080,E000302,E001924,research_links,2139629
T000081,E000045,E001090,services,468079
T000082,E001853,E001996,energy_equipment,3384309
T000083,E000816,E001736,aerospace_uas_avionics,4964982
T000084,E001769,E000170,procurement,275236
T000085,E001335,E001053,luxury_dual_use_consumer,1681367
T000086,E000466,E000796,machine_tools,2584616
T000087,E000047,E000597,machine_tools,4598156
T000088,E001093,E000178,luxury_dual_use_consumer,1158933
T000089,E001899,E001273,procurement,1766654
T000090,E001913,E001891,luxury_dual_use_consumer,926729
T000091,E000813,E000650,chemicals_precursors,1081266
T000092,E001639,E001810,chemicals_precursors,2113092
T000093,E000286,E001170,intangibles,1105153
T000094,E000738,E000043,services,2035564
T000095,E000848,E000860,chemicals_precursors,642442
T000096,E001525,E001374,procurement,88994
T000097,E000874,E001314,maritime_port_equipment,4140562
T000098,E001528,E000799,research_links,1577885
T000099,E000924,E001334,maritime_port_equipment,3514522
T000100,E001645,E001207,energy_equipment,4227487
T000101,E000370,E001513,aerospace_uas_avionics,124419
T000102,E000569,E001717,services,2201364
T000103,E001735,E001207,machine_tools,3838634
T000104,E001672,E001758,research_links,2591770
T000105,E001328,E001866,intangibles,2916608
T000106,E000915,E000805,research_links,1098388
T000107,E001374,E001247,intangibles,3385347
T000108,E001219,E000771,research_links,3226535
T000109,E001319,E001851,services,2834173
T000110,E001249,E001212,machine_tools,1648570
T000111,E001147,E001849,intangibles,4687035
T000112,E000646,E001847,services,3878339
T000113,E000621,E001541,services,2164996
T000114,E001934,E001702,finance_signals,4604815
T000115,E000808,E001047,luxury_dual_use_consumer,2081871
T000116,E001875,E001316,chemicals_precursors,2483616
T000117,E000169,E000154,medical_bio_lab,2414122
T000118,E001083,E001513,energy_equipment,1787295
T000119,E001831,E000304,services,3325919
T000120,E000374,E000181,procurement,1267980
T000121,E000660,E001845,aerospace_uas_avionics,4111511
T000122,E001007,E001565,machine_tools,2088191
T000123,E001395,E000898,intangibles,3843474
T000124,E001272,E001485,machine_tools,2138299
T000125,E000069,E001640,luxury_dual_use_consumer,3627196
T000126,E000377,E000940,procurement,1623182
T000127,E001324,E001693,research_links,447331
T000128,E000130,E001512,procurement,4275132
T000129,E001324,E000109,services,35861
T000130,E000598,E000284,chemicals_precursors,4123409
T000131,E001016,E001081,chemicals_precursors,3433230
T000132,E001181,E001779,machine_tools,3519752
T000133,E001438,E001971,luxury_dual_use_consumer,3013282
T000134,E000599,E001109,machine_tools,703069
T000135,E001259,E001446,aerospace_uas_avionics,1303407
T000136,E000424,E000966,procurement,4142399
T000137,E000754,E001730,procurement,147972
T000138,E000520,E001005,maritime_port_equipment,3594752
T000139,E001034,E000240,procurement,3919196
T000140,E000727,E001280,energy_equipment,2547008
T000141,E000107,E000252,aerospace_uas_avionics,1926456
T000142,E000867,E000724,procurement,887160
T000143,E000275,E001831,aerospace_uas_avionics,1035591
T000144,E000085,E000621,medical_bio_lab,1785162
T000145,E000162,E001790,procurement,2862076
T000146,E000087,E001233,maritime_port_equipment,4003218
T000147,E001248,E000410,services,3798801
T000148,E000819,E001941,finance_signals,2403933
T000149,E000211,E001063,machine_tools,3862053
T000150,E000171,E000021,luxury_dual_use_consumer,4478827
T000151,E000856,E000507,energy_equipment,1013359
T000152,E000058,E000195,intangibles,4847284
T000153,E000432,E000087,services,3098308
T000154,E001014,E001236,intangibles,777722
T000155,E001457,E001212,maritime_port_equipment,4643884
T000156,E001851,E001604,services,2654659
T000157,E000690,E000335,energy_equipment,298700
T000158,E001489,E001540,maritime_port_equipment,3137103
T000159,E001928,E001466,luxury_dual_use_consumer,412084
T000160,E000287,E000907,medical_bio_lab,3372374
T000161,E000603,E001383,luxury_dual_use_consumer,721343
T000162,E001906,E001668,research_links,2468818
T000163,E001224,E000973,procurement,4012666
T000164,E001886,E001972,services,4680959
T000165,E000278,E001094,intangibles,2169753
T000166,E001872,E001306,finance_signals,1453990
T000167,E000243,E001034,finance_signals,2461730
T000168,E001599,E000221,intangibles,3853266
T000169,E000025,E000482,luxury_dual_use_consumer,49942
T000170,E001600,E001236,procurement,322428
T000171,E001815,E001190,services,2679773
T000172,E001227,E001668,intangibles,516267
T000173,E001050,E001957,maritime_port_equipment,4856818
T000174,E001045,E000017,maritime_port_equipment,2277775
T000175,E000699,E000304,aerospace_uas_avionics,4360082
T000176,E001779,E000248,energy_equipment,705410
T000177,E000420,E000113,energy_equipment,1538210
T000178,E000864,E000044,intangibles,3643713
T000179,E000899,E001858,procurement,1815902
T000180,E001766,E000558,intangibles,2728870
T000181,E000624,E000521,intangibles,3613176
T000182,E001493,E000545,procurement,2852391
T000183,E000762,E001811,machine_tools,148524
T000184,E000250,E001499,services,4083463
T000185,E001868,E001259,chemicals_precursors,1437461
T000186,E000056,E000823,aerospace_uas_avionics,4345810
T000187,E001884,E001555,luxury_dual_use_consumer,2907027
T000188,E000968,E000355,chemicals_precursors,2795007
T000189,E000238,E000668,maritime_port_equipment,4681293
T000190,E001606,E000040,services,2595765
T000191,E001989,E001868,energy_equipment,889327
T000192,E000871,E001457,energy_equipment,1460364
T000193,E001315,E001240,chemicals_precursors,1161042
T000194,E001723,E001133,energy_equipment,4700498
T000195,E001459,E000333,luxury_dual_use_consumer,1490990
T000196,E001397,E000477,aerospace_uas_avionics,1587744
T000197,E001842,E000497,finance_signals,926985
T000198,E001050,E000667,finance_signals,1467570
T000199,E001623,E001981,services,3021803
T000200,E001621,E000501,maritime_port_equipment,4676830
T000201,E000177,E001663,medical_bio_lab,3136177
T000202,E000353,E001908,aerospace_uas_avionics,2209220
T000203,E000970,E000991,maritime_port_equipment,2208260
T000204,E001082,E001258,energy_equipment,3604010
T000205,E000743,E001033,luxury_dual_use_consumer,3649693
T000206,E000821,E001120,services,4411477
T000207,E001686,E001021,services,676488
T000208,E001095,E001099,finance_signals,4463374
T000209,E000456,E000693,machine_tools,2830151
T000210,E001880,E001905,luxury_dual_use_consumer,552269
T000211,E001387,E000627,intangibles,3161806
T000212,E001636,E001810,procurement,2899174
T000213,E000046,E000198,aerospace_uas_avionics,1498349
T000214,E001523,E000363,intangibles,48842
T000215,E001720,E000324,machine_tools,2559197
T000216,E001150,E000135,machine_tools,3581875
T000217,E001412,E001707,aerospace_uas_avionics,1964683
T000218,E001323,E000475,procurement,574353
T000219,E001008,E001136,luxury_dual_use_consumer,896179
T000220,E000039,E000901,aerospace_uas_avionics,2696753
T000221,E001075,E001739,services,3929394
T000222,E001233,E000505,research_links,1040983
T000223,E000117,E001349,research_links,1375921
T000224,E000731,E001602,finance_signals,2481217
T000225,E001180,E001987,procurement,2405568
T000226,E001025,E000567,medical_bio_lab,1601434
T000227,E001456,E000836,procurement,1101959
T000228,E001572,E000732,aerospace_uas_avionics,3217214
T000229,E000046,E000784,maritime_port_equipment,3450909
T000230,E000962,E001442,research_links,2112111
T000231,E000416,E000418,research_links,2006889
T000232,E000125,E001833,medical_bio_lab,2710586
T000233,E001879,E001359,services,257651
T000234,E001267,E000755,aerospace_uas_avionics,3175014
T000235,E001368,E001889,research_links,2174701
T000236,E000570,E001796,chemicals_precursors,3275335
T000237,E000066,E001807,chemicals_precursors,1328428
T000238,E001516,E000078,research_links,4877739
T000239,E000931,E000585,maritime_port_equipment,4860539
T000240,E001550,E001256,medical_bio_lab,2264410
T000241,E001849,E000191,services,2529070
T000242,E000813,E001466,procurement,3768487
T000243,E001777,E001087,luxury_dual_use_consumer,162778
T000244,E000924,E000331,services,2684922
T000245,E001619,E001847,luxury_dual_use_consumer,2575012
T000246,E000745,E000811,services,2358637
T000247,E000175,E001688,procurement,3216275
T000248,E000073,E001116,procurement,4139675
T000249,E000357,E001942,machine_tools,751836
T000250,E001020,E000080,finance_signals,4412155
T000251,E001898,E001778,intangibles,27223
T000252,E000437,E000844,medical_bio_lab,513857
T000253,E001412,E000411,services,4715657
T000254,E000364,E001223,aerospace_uas_avionics,4224964
T000255,E001934,E001859,medical_bio_lab,4923731
T000256,E001258,E000543,services,3642864
T000257,E001192,E001535,luxury_dual_use_consumer,61557
T000258,E000891,E000614,medical_bio_lab,4804702
T000259,E001654,E001334,procurement,142849
T000260,E000220,E001488,luxury_dual_use_consumer,1004534
T000261,E001562,E000664,aerospace_uas_avionics,2055913
T000262,E000028,E001900,energy_equipment,2511028
T000263,E000137,E000242,research_links,178992
T000264,E001477,E001857,luxury_dual_use_consumer,1331422
T000265,E001394,E000073,services,549118
T000266,E000151,E000571,research_links,3512590
T000267,E000604,E000360,finance_signals,4459758
T000268,E001240,E001659,finance_signals,217264
T000269,E001445,E000251,aerospace_uas_avionics,4426288
T000270,E001283,E000255,research_links,2389789
T000271,E001808,E000018,intangibles,1797553
T000272,E000997,E001376,research_links,4767585
T000273,E000559,E000535,finance_signals,1908003
T000274,E001894,E000426,chemicals_precursors,4458250
T000275,E001215,E000271,procurement,4338867
T000276,E001645,E001691,aerospace_uas_avionics,2871636
T000277,E000861,E000493,services,4787034
T000278,E001614,E001520,intangibles,1289680
T000279,E000094,E000660,services,2069250
T000280,E000081,E000301,finance_signals,790083
T000281,E000868,E001347,finance_signals,2649846
T000282,E001110,E001878,energy_equipment,1030131
T000283,E000335,E000113,services,2465836
T000284,E000909,E000683,chemicals_precursors,3529903
T000285,E001582,E001983,research_links,1916083
T000286,E001319,E001708,intangibles,3667477
T000287,E001948,E001088,medical_bio_lab,1458991
T000288,E000904,E000194,energy_equipment,1496439
T000289,E000180,E000327,chemicals_precursors,1728731
T000290,E000098,E001627,research_links,3454769
T000291,E000610,E001120,procurement,3327106
T000292,E000656,E000464,procurement,2474701
T000293,E001605,E001502,medical_bio_lab,4769010
T000294,E001954,E001898,luxury_dual_use_consumer,244605
T000295,E001014,E001379,aerospace_uas_avionics,929489
T000296,E001427,E000428,services,2824738
T000297,E001230,E001973,maritime_port_equipment,2455443
T000298,E000521,E000828,chemicals_precursors,277366
T000299,E000491,E000264,aerospace_uas_avionics,305042
T000300,E001219,E000382,services,1416686
T000301,E001379,E000935,machine_tools,1533726
T000302,E000312,E000608,machine_tools,4145653
T000303,E001503,E001131,services,4653872
T000304,E000542,E000266,luxury_dual_use_consumer,4003657
T000305,E001386,E001589,luxury_dual_use_consumer,3663988
T000306,E000332,E000718,energy_equipment,3446706
T000307,E000780,E001966,medical_bio_lab,384047
T000308,E001697,E001410,maritime_port_equipment,2499146
T000309,E001550,E000984,maritime_port_equipment,2706599
T000310,E000170,E001099,energy_equipment,366190
T000311,E000917,E000763,intangibles,985213
T000312,E001606,E000587,research_links,1179639
T000313,E000636,E001632,research_links,3436908
T000314,E001991,E001286,services,3561118
T000315,E000824,E000064,luxury_dual_use_consumer,1524355
T000316,E000812,E000360,luxury_dual_use_consumer,4652199
T000317,E000753,E001966,medical_bio_lab,4204290
T000318,E000837,E000537,machine_tools,3235749
T000319,E001657,E000749,finance_signals,1757276
T000320,E000184,E000639,intangibles,141498
T000321,E000009,E000325,services,1763586
T000322,E000781,E000956,maritime_port_equipment,972428
T000323,E001921,E000556,aerospace_uas_avionics,4932810
T000324,E000738,E001096,maritime_port_equipment,4602280
T000325,E000957,E001372,intangibles,2145742
T000326,E000207,E001209,chemicals_precursors,1315208
T000327,E001707,E000104,machine_tools,227182
T000328,E000165,E000613,luxury_dual_use_consumer,2932624
T000329,E000590,E001183,finance_signals,1570451
T000330,E001737,E001594,research_links,3414806
T000331,E001653,E000650,chemicals_precursors,4736355
T000332,E001636,E000990,chemicals_precursors,73748
T000333,E001376,E000776,services,1498563
T000334,E001474,E000728,procurement,954092
T000335,E001231,E000081,maritime_port_equipment,4710117
T000336,E000101,E001463,medical_bio_lab,4851453
T000337,E001358,E000922,maritime_port_equipment,1937208
T000338,E000722,E001328,aerospace_uas_avionics,2885955
T000339,E001321,E001533,procurement,1003613
T000340,E001663,E000443,research_links,1963531
T000341,E000325,E001109,luxury_dual_use_consumer,254710
T000342,E001230,E001267,energy_equipment,1013234
T000343,E001803,E000238,finance_signals,4491501
T000344,E001691,E000920,medical_bio_lab,4345956
T000345,E001614,E000450,maritime_port_equipment,3950130
T000346,E001902,E001690,research_links,750373
T000347,E001790,E001904,machine_tools,390599
T000348,E000227,E001148,services,2918197
T000349,E001886,E000039,chemicals_precursors,2045332
T000350,E001962,E001527,maritime_port_equipment,1045103
T000351,E000401,E000464,luxury_dual_use_consumer,3671414
T000352,E000335,E001577,medical_bio_lab,3397503
T000353,E001293,E001761,maritime_port_equipment,3239330
T000354,E000598,E000984,aerospace_uas_avionics,4730668
T000355,E001433,E000826,energy_equipment,2726213
T000356,E001795,E001171,procurement,2688621
T000357,E001149,E000422,services,378232
T000358,E001338,E001423,services,817162
T000359,E000190,E001780,research_links,4696459
T000360,E000678,E001947,machine_tools,3695790
T000361,E001568,E000122,services,878545
T000362,E000903,E001519,finance_signals,1397660
T000363,E001526,E000617,machine_tools,2832361
T000364,E000706,E000831,energy_equipment,2754873
T000365,E001123,E000048,luxury_dual_use_consumer,4512486
T000366,E000258,E000807,research_links,2415730
T000367,E001786,E000858,luxury_dual_use_consumer,3076836
T000368,E000782,E000207,intangibles,4134059
T000369,E000973,E001843,procurement,166293
T000370,E001366,E001410,aerospace_uas_avionics,3490293
T000371,E001616,E000386,chemicals_precursors,954604
T000372,E001182,E000279,intangibles,4327742
T000373,E001021,E001064,machine_tools,2989490
T000374,E000506,E001442,intangibles,3869373
T000375,E000030,E001188,intangibles,365459
T000376,E001761,E001803,finance_signals,4764481
T000377,E000654,E000422,medical_bio_lab,3665573
T000378,E001393,E000228,chemicals_precursors,221722
T000379,E000357,E000477,maritime_port_equipment,4068127
T000380,E001834,E001801,medical_bio_lab,567896
T000381,E001831,E001804,research_links,4557977
T000382,E001680,E001076,procurement,3675896
T000383,E000496,E000454,medical_bio_lab,639521
T000384,E001644,E000009,maritime_port_equipment,4156377
T000385,E001834,E000092,luxury_dual_use_consumer,4080634
T000386,E000193,E000895,maritime_port_equipment,3367758
T000387,E000087,E000678,luxury_dual_use_consumer,3052638
T000388,E000443,E001222,intangibles,4770985
T000389,E000131,E000585,maritime_port_equipment,3993325
T000390,E000030,E001597,machine_tools,4080543
T000391,E000598,E001955,aerospace_uas_avionics,1214581
T000392,E001383,E000645,finance_signals,2552892
T000393,E000121,E000855,aerospace_uas_avionics,3795618
T000394,E000845,E001342,finance_signals,3604865
T000395,E001076,E001708,aerospace_uas_avionics,2499534
T000396,E000081,E001248,intangibles,704391
T000397,E000749,E000900,intangibles,2211372
T000398,E001708,E001328,chemicals_precursors,1103348
T000399,E000447,E000578,energy_equipment,1631031
T000400,E000266,E000295,maritime_port_equipment,1483862
T000401,E001165,E001918,research_links,3268732
T000402,E001166,E001169,services,3571253
T000403,E000419,E001725,machine_tools,330746
T000404,E000556,E000676,machine_tools,2309812
T000405,E000602,E001648,luxury_dual_use_consumer,1941234
T000406,E001503,E001083,finance_signals,4998027
T000407,E000979,E000893,research_links,811883
T000408,E001268,E000330,intangibles,4720664
T000409,E000547,E001877,research_links,3137802
T000410,E001669,E001002,services,4809890
T000411,E000045,E000025,medical_bio_lab,3829754
T000412,E000358,E001237,finance_signals,397211
T000413,E001045,E001407,machine_tools,2690048
T000414,E000968,E000967,aerospace_uas_avionics,4407893
T000415,E000178,E001110,intangibles,3496206
T000416,E001059,E001126,services,1814153
T000417,E000843,E000417,procurement,2468287
T000418,E001192,E001974,energy_equipment,2805641
T000419,E001532,E001848,research_links,4397536
T000420,E001356,E001691,research_links,1896339
T000421,E001151,E000255,research_links,1277729
T000422,E001086,E001020,finance_signals,691477
T000423,E001482,E000495,intangibles,4311547
T000424,E001017,E000291,maritime_port_equipment,4556669
T000425,E000204,E000845,machine_tools,3648402
T000426,E001230,E001693,research_links,1712112
T000427,E000140,E000336,chemicals_precursors,3363882
T000428,E000950,E001597,procurement,2663214
T000429,E001797,E000603,intangibles,1000652
T000430,E000900,E000226,chemicals_precursors,3318080
T000431,E001903,E000130,research_links,4176572
T000432,E001095,E001125,finance_signals,2184967
T000433,E001667,E001475,luxury_dual_use_consumer,3223041
T000434,E001036,E001577,intangibles,4945232
T000435,E001740,E001428,chemicals_precursors,264027
T000436,E001006,E000762,intangibles,4974155
T000437,E001084,E000923,procurement,4605287
T000438,E000986,E001639,intangibles,4106482
T000439,E001520,E000998,luxury_dual_use_consumer,943528
T000440,E000064,E000764,research_links,1607289
T000441,E001690,E001808,luxury_dual_use_consumer,809453
T000442,E001774,E000536,chemicals_precursors,3654009
T000443,E001906,E000052,finance_signals,808898
T000444,E000083,E000658,chemicals_precursors,2518244
T000445,E001413,E000138,machine_tools,3309655
T000446,E000526,E001614,finance_signals,1630711
T000447,E001288,E001488,procurement,277602
T000448,E000274,E001956,finance_signals,3873107
T000449,E001421,E001544,medical_bio_lab,4962127
T000450,E000654,E001136,machine_tools,4479776
T000451,E000400,E001007,services,1317743
T000452,E000985,E000638,maritime_port_equipment,1285733
T000453,E000119,E000178,finance_signals,1465320
T000454,E001242,E000801,maritime_port_equipment,4112221
T000455,E001252,E000090,procurement,1097926
T000456,E001451,E000349,luxury_dual_use_consumer,3923916
T000457,E000602,E001041,maritime_port_equipment,4541619
T000458,E000975,E000242,finance_signals,2667277
T000459,E000929,E001539,procurement,1773987
T000460,E001135,E000535,aerospace_uas_avionics,4298052
T000461,E000086,E000676,aerospace_uas_avionics,1473730
T000462,E000232,E000231,services,1161152
T000463,E001878,E000693,maritime_port_equipment,2243230
T000464,E001179,E000977,research_links,2654219
T000465,E000047,E001152,procurement,1480708
T000466,E001984,E001525,machine_tools,3544212
T000467,E000550,E001232,finance_signals,1503126
T000468,E001860,E001173,services,4760180
T000469,E000446,E001903,chemicals_precursors,1306530
T000470,E001926,E001093,services,2151633
T000471,E001707,E001525,intangibles,4668913
T000472,E001204,E001791,maritime_port_equipment,4905164
T000473,E000237,E001717,intangibles,2995470
T000474,E000379,E001788,energy_equipment,4787613
T000475,E001008,E000165,intangibles,2878697
T000476,E001410,E000986,intangibles,605264
T000477,E000396,E001453,medical_bio_lab,550292
T000478,E000175,E001416,research_links,529919
T000479,E001546,E001911,intangibles,1403845
T000480,E001237,E000255,services,3007630
T000481,E001677,E000139,research_links,3280047
T000482,E000599,E001572,aerospace_uas_avionics,3994263
T000483,E000136,E000785,aerospace_uas_avionics,250540
T000484,E001957,E001697,intangibles,2056713
T000485,E001183,E001288,services,976733
T000486,E000391,E001370,aerospace_uas_avionics,3504806
T000487,E001888,E000912,research_links,4067784
T000488,E001844,E000778,procurement,1319176
T000489,E000655,E001951,luxury_dual_use_consumer,3746006
T000490,E001174,E001128,medical_bio_lab,2708377
T000491,E000385,E000589,procurement,4128191
T000492,E001173,E001370,aerospace_uas_avionics,2008020
T000493,E000102,E001516,energy_equipment,2419718
T000494,E000793,E001749,medical_bio_lab,713867
T000495,E000874,E001039,maritime_port_equipment,2233142
T000496,E001849,E000031,maritime_port_equipment,2416681
T000497,E000430,E001371,medical_bio_lab,1357791
T000498,E000714,E000931,aerospace_uas_avionics,629089
T000499,E001365,E000498,medical_bio_lab,1728082
T000500,E001291,E001207,procurement,4831207
T000501,E000033,E000970,aerospace_uas_avionics,4785995
T000502,E001101,E001561,machine_tools,495645
T000503,E001144,E001785,luxury_dual_use_consumer,3052245
T000504,E001601,E000955,finance_signals,1534562
T000505,E001816,E000220,maritime_port_equipment,564605
T000506,E000767,E001662,energy_equipment,2403637
T000507,E001833,E001649,aerospace_uas_avionics,1134058
T000508,E001416,E001469,finance_signals,429356
T000509,E001456,E001106,procurement,3361015
T000510,E000797,E000624,finance_signals,240945
T000511,E001743,E001070,aerospace_uas_avionics,773651
T000512,E001064,E001522,finance_signals,1916480
T000513,E000896,E000987,medical_bio_lab,521038
T000514,E001045,E001272,maritime_port_equipment,4828413
T000515,E000160,E001994,maritime_port_equipment,542929
T000516,E000938,E001100,finance_signals,956643
T000517,E000587,E001507,research_links,1856725
T000518,E001527,E000019,aerospace_uas_avionics,946322
T000519,E001734,E000471,intangibles,850774
T000520,E001029,E000944,maritime_port_equipment,4081522
T000521,E000662,E000599,machine_tools,2493769
T000522,E001877,E000090,chemicals_precursors,1251163
T000523,E001349,E001154,procurement,3171984
T000524,E001923,E001324,aerospace_uas_avionics,1907727
T000525,E000781,E000938,intangibles,3163149
T000526,E000707,E001127,finance_signals,2610028
T000527,E001293,E000802,intangibles,3316850
T000528,E000635,E000168,procurement,1290431
T000529,E000103,E000015,medical_bio_lab,3357769
T000530,E000014,E000439,machine_tools,2871793
T000531,E000981,E000575,aerospace_uas_avionics,2521331
T000532,E000398,E000392,energy_equipment,2838052
T000533,E000977,E001482,intangibles,335290
T000534,E000061,E000698,luxury_dual_use_consumer,3701897
T000535,E000142,E001027,aerospace_uas_avionics,4352474
T000536,E000979,E001762,medical_bio_lab,254651
T000537,E000731,E001789,aerospace_uas_avionics,1843499
T000538,E000501,E001168,energy_equipment,658922
T000539,E000665,E000428,machine_tools,347143
T000540,E001373,E000360,luxury_dual_use_consumer,3885016
T000541,E000817,E000045,research_links,4840329
T000542,E000102,E000965,procurement,1388722
T000543,E000236,E000179,finance_signals,1791227
T000544,E001867,E001966,maritime_port_equipment,468470
T000545,E000801,E001566,procurement,2541050
T000546,E001335,E000765,medical_bio_lab,3288079
T000547,E001579,E001494,procurement,1895476
T000548,E000402,E001755,finance_signals,2453093
T000549,E001954,E001876,medical_bio_lab,2716848
T000550,E001072,E001814,intangibles,4847161
T000551,E000460,E001233,energy_equipment,1051049
T000552,E001963,E001910,research_links,4028053
T000553,E000936,E001982,finance_signals,2698293
T000554,E000242,E001326,medical_bio_lab,173028
T000555,E000438,E001623,machine_tools,3227592
T000556,E000069,E000421,aerospace_uas_avionics,2450812
T000557,E001470,E000304,medical_bio_lab,977118
T000558,E001455,E000028,maritime_port_equipment,1794877
T000559,E001879,E001619,maritime_port_equipment,421518
T000560,E000119,E000912,machine_tools,2900060
T000561,E000081,E001603,maritime_port_equipment,3935721
T000562,E000243,E000061,research_links,545434
T000563,E000961,E000315,medical_bio_lab,107824
T000564,E000697,E001840,intangibles,1639991
T000565,E000063,E000649,maritime_port_equipment,3218207
T000566,E000738,E000083,intangibles,512178
T000567,E001195,E001046,services,2878954
T000568,E001735,E001321,intangibles,242483
T000569,E000015,E001418,energy_equipment,3404060
T000570,E000585,E001925,research_links,699610
T000571,E000861,E001573,services,1666502
T000572,E001290,E001172,intangibles,2428912
T000573,E001051,E001617,maritime_port_equipment,3871594
T000574,E000419,E001582,machine_tools,1493884
T000575,E001242,E001924,services,4505997
T000576,E001350,E000133,maritime_port_equipment,1113627
T000577,E000544,E001854,procurement,4111674
T000578,E000633,E001683,procurement,493135
T000579,E000061,E000366,research_links,3080641
T000580,E000734,E000559,procurement,209597
T000581,E000986,E001291,medical_bio_lab,1020233
T000582,E000900,E001876,intangibles,2964574
T000583,E000742,E000485,research_links,533874
T000584,E000645,E000254,medical_bio_lab,1724149
T000585,E001479,E001263,aerospace_uas_avionics,1100606
T000586,E001479,E001820,research_links,2295782
T000587,E001427,E001453,intangibles,61531
T000588,E000272,E000545,finance_signals,2916004
T000589,E001897,E001894,aerospace_uas_avionics,4677684
T000590,E000643,E001871,machine_tools,4190627
T000591,E001190,E001690,luxury_dual_use_consumer,3595856
T000592,E001893,E001980,medical_bio_lab,4752752
T000593,E000846,E001236,procurement,239180
T000594,E000753,E001661,machine_tools,1161990
T000595,E001521,E001969,research_links,1959539
T000596,E000798,E000539,research_links,1497200
T000597,E001768,E000256,chemicals_precursors,2138958
T000598,E001842,E000191,luxury_dual_use_consumer,4912202
T000599,E000503,E001678,intangibles,3588853
T000600,E000827,E000512,medical_bio_lab,2305835
T000601,E000951,E000317,intangibles,2043917
T000602,E001633,E001095,services,4093366
T000603,E001635,E001046,chemicals_precursors,1442774
T000604,E000188,E001088,chemicals_precursors,2008938
T000605,E001546,E000623,intangibles,3366317
T000606,E001369,E000488,services,909477
T000607,E001871,E001796,maritime_port_equipment,3740446
T000608,E000765,E001239,procurement,3246782
T000609,E000206,E000920,finance_signals,1036579
T000610,E001775,E001694,research_links,2892611
T000611,E001067,E000301,procurement,314589
T000612,E000602,E001235,luxury_dual_use_consumer,2692609
T000613,E000838,E001616,luxury_dual_use_consumer,2488497
T000614,E000625,E000372,research_links,2732088
T000615,E001735,E000452,intangibles,4629725
T000616,E001163,E001185,chemicals_precursors,2659460
T000617,E000963,E000842,energy_equipment,4302377
T000618,E000424,E000626,intangibles,4018020
T000619,E001293,E001413,services,820086
T000620,E000337,E001283,luxury_dual_use_consumer,19339
T000621,E000561,E000097,services,4987947
T000622,E000946,E001878,aerospace_uas_avionics,82849
T000623,E001884,E000087,luxury_dual_use_consumer,4256723
T000624,E000740,E000982,intangibles,4926030
T000625,E000516,E001235,medical_bio_lab,200805
T000626,E001419,E000862,energy_equipment,2472233
T000627,E000375,E000655,research_links,1219770
T000628,E001308,E000491,machine_tools,429221
T000629,E000696,E001734,aerospace_uas_avionics,3053885
T000630,E000947,E000828,medical_bio_lab,2945896
T000631,E001303,E001676,finance_signals,1865353
T000632,E001813,E001133,intangibles,1056931
T000633,E000908,E000703,medical_bio_lab,1461425
T000634,E001577,E000639,finance_signals,2271408
T000635,E001255,E000629,aerospace_uas_avionics,721736
T000636,E000469,E001547,aerospace_uas_avionics,1353567
T000637,E000281,E000620,aerospace_uas_avionics,2459483
T000638,E000193,E000763,finance_signals,3937995
T000639,E001792,E000868,maritime_port_equipment,2668901
T000640,E001806,E000502,procurement,2308887
T000641,E001927,E000196,machine_tools,520464
T000642,E000054,E001735,machine_tools,103034
T000643,E001182,E000986,aerospace_uas_avionics,2126115
T000644,E000765,E000836,intangibles,1568500
T000645,E001098,E000750,maritime_port_equipment,3786992
T000646,E000329,E000085,energy_equipment,1944061
T000647,E000465,E001411,intangibles,2246947
T000648,E000041,E001462,energy_equipment,3688541
T000649,E001381,E000287,intangibles,1759359
T000650,E000557,E001238,research_links,1441626
T000651,E000477,E001600,maritime_port_equipment,4023844
T000652,E000255,E000362,luxury_dual_use_consumer,661431
T000653,E000218,E001317,luxury_dual_use_consumer,2556888
T000654,E000020,E001188,medical_bio_lab,3735591
T000655,E001330,E000965,luxury_dual_use_consumer,1677802
T000656,E001916,E001484,services,1622408
T000657,E001582,E000764,machine_tools,2718274
T000658,E000140,E001992,aerospace_uas_avionics,2082750
T000659,E001499,E000103,intangibles,1974104
T000660,E001410,E001621,finance_signals,4791217
T000661,E000572,E000348,aerospace_uas_avionics,1134706
T000662,E001157,E000395,aerospace_uas_avionics,2219548
T000663,E001251,E001331,luxury_dual_use_consumer,533772
T000664,E000125,E000960,aerospace_uas_avionics,1807269
T000665,E000547,E001278,energy_equipment,274247
T000666,E000922,E000404,aerospace_uas_avionics,2384256
T000667,E000395,E000209,maritime_port_equipment,2513482
T000668,E000140,E001547,maritime_port_equipment,4377663
T000669,E001921,E001818,intangibles,1403851
T000670,E000720,E001014,intangibles,4029033
T000671,E000380,E000623,luxury_dual_use_consumer,1178368
T000672,E001475,E000977,services,4190802
T000673,E001892,E000393,energy_equipment,4416581
T000674,E001276,E001987,energy_equipment,4588413
T000675,E000604,E001753,procurement,2346974
T000676,E000230,E000601,aerospace_uas_avionics,3787725
T000677,E000474,E000444,medical_bio_lab,2330410
T000678,E001989,E000135,services,520561
T000679,E000586,E000357,medical_bio_lab,4212751
T000680,E001429,E001691,machine_tools,2524716
T000681,E000567,E001962,machine_tools,4461552
T000682,E001219,E000654,medical_bio_lab,4064603
T000683,E001135,E001623,finance_signals,1819356
T000684,E000956,E000787,chemicals_precursors,1559174
T000685,E000603,E000852,procurement,415376
T000686,E000388,E001799,intangibles,327685
T000687,E001983,E001230,machine_tools,4950921
T000688,E001294,E001795,research_links,2252658
T000689,E001630,E001087,intangibles,3419053
T000690,E000361,E000734,procurement,672955
T000691,E000713,E000341,procurement,285009
T000692,E000985,E000522,finance_signals,1294269
T000693,E001687,E001557,medical_bio_lab,4942577
T000694,E001502,E001661,maritime_port_equipment,971792
T000695,E000399,E000828,services,3222325
T000696,E000268,E001113,aerospace_uas_avionics,3695437
T000697,E001252,E000006,machine_tools,2989583
T000698,E000587,E001740,energy_equipment,835310
T000699,E000449,E000925,finance_signals,3626916
T000700,E001416,E001527,research_links,4929528
T000701,E000803,E001117,luxury_dual_use_consumer,3628248
T000702,E001573,E001487,energy_equipment,3551666
T000703,E000068,E000938,maritime_port_equipment,2674085
T000704,E000736,E001825,machine_tools,3312332
T000705,E000426,E000316,luxury_dual_use_consumer,3516158
T000706,E000968,E001861,medical_bio_lab,22252
T000707,E001172,E001609,services,1022304
T000708,E001569,E001696,medical_bio_lab,4541650
T000709,E001235,E000131,machine_tools,3812135
T000710,E000782,E001755,machine_tools,3673566
T000711,E000010,E001283,research_links,1783398
T000712,E000872,E000939,research_links,2988719
T000713,E001369,E001322,energy_equipment,775116
T000714,E000957,E001819,maritime_port_equipment,1090256
T000715,E000224,E001827,aerospace_uas_avionics,4634243
T000716,E000115,E000092,intangibles,2321113
T000717,E001031,E000245,intangibles,1920994
T000718,E001841,E001138,maritime_port_equipment,4020158
T000719,E000764,E001727,machine_tools,1963462
T000720,E000822,E001196,intangibles,4243393
T000721,E000689,E000764,energy_equipment,1934227
T000722,E000773,E000226,machine_tools,4035265
T000723,E001881,E000056,services,4119452
T000724,E000763,E001694,finance_signals,2040566
T000725,E001437,E000081,maritime_port_equipment,3893879
T000726,E001123,E000117,procurement,2531215
T000727,E000813,E001186,finance_signals,2383150
T000728,E001846,E001431,research_links,2373979
T000729,E001750,E000446,medical_bio_lab,3463427
T000730,E001291,E001171,maritime_port_equipment,3861063
T000731,E001283,E000503,research_links,3698834
T000732,E001846,E000650,medical_bio_lab,3025588
T000733,E000124,E001760,services,1828333
T000734,E000133,E001889,machine_tools,3461167
T000735,E001003,E001991,services,2201660
T000736,E001138,E000353,energy_equipment,1603693
T000737,E001620,E000171,medical_bio_lab,4309022
T000738,E000752,E000664,energy_equipment,4924113
T000739,E000850,E001986,aerospace_uas_avionics,1303691
T000740,E000485,E001295,machine_tools,570154
T000741,E000074,E000091,research_links,2915138
T000742,E000695,E001589,research_links,735752
T000743,E001276,E000135,luxury_dual_use_consumer,4451516
T000744,E001039,E000954,energy_equipment,1279862
T000745,E000628,E001591,medical_bio_lab,2709961
T000746,E000126,E001584,services,1407757
T000747,E001161,E001266,machine_tools,1021505
T000748,E001296,E001300,maritime_port_equipment,2133854
T000749,E000597,E001320,luxury_dual_use_consumer,1492963
T000750,E000126,E000057,machine_tools,1996808
T000751,E001418,E000460,energy_equipment,722388
T000752,E001067,E000767,aerospace_uas_avionics,1064037
T000753,E001560,E001916,aerospace_uas_avionics,3349037
T000754,E000080,E001687,procurement,2218140
T000755,E000310,E000782,procurement,4412912
T000756,E000821,E000142,research_links,1732139
T000757,E000400,E000363,intangibles,3117426
T000758,E001231,E000926,chemicals_precursors,2745846
T000759,E001509,E000885,aerospace_uas_avionics,3900589
T000760,E001239,E000377,finance_signals,1360328
T000761,E000443,E000066,medical_bio_lab,690974
T000762,E001561,E000810,chemicals_precursors,4885961
T000763,E000100,E001365,finance_signals,421219
T000764,E001541,E001919,research_links,64239
T000765,E000144,E001594,research_links,2799075
T000766,E000265,E001519,aerospace_uas_avionics,3189034
T000767,E001579,E001674,energy_equipment,3824247
T000768,E001462,E000502,energy_equipment,3081792
T000769,E000617,E001990,research_links,373376
T000770,E000009,E000197,energy_equipment,31083
T000771,E001684,E001454,research_links,3004445
T000772,E001003,E000162,services,4182815
T000773,E001970,E000740,machine_tools,4954498
T000774,E000826,E000414,intangibles,598148
T000775,E000125,E001412,medical_bio_lab,2255680
T000776,E000008,E000605,luxury_dual_use_consumer,4204749
T000777,E001758,E000632,medical_bio_lab,4626102
T000778,E001366,E001011,finance_signals,268946
T000779,E001733,E001805,services,2574300
T000780,E000845,E001390,medical_bio_lab,1192241
T000781,E000234,E000636,chemicals_precursors,4890442
T000782,E001229,E000410,chemicals_precursors,4079746
T000783,E001881,E001031,research_links,1801235
T000784,E001215,E000301,energy_equipment,4700335
T000785,E000362,E001446,medical_bio_lab,4871762
T000786,E000551,E001311,research_links,3301868
T000787,E001112,E001090,services,1066506
T000788,E000208,E001550,chemicals_precursors,557046
T000789,E001482,E001521,research_links,930057
T000790,E001569,E001723,research_links,4297735
T000791,E000238,E000976,energy_equipment,604945
T000792,E001276,E001064,medical_bio_lab,897370
T000793,E000464,E000675,procurement,4419428
T000794,E001891,E001849,machine_tools,2052709
T000795,E000600,E001303,finance_signals,4418580
T000796,E001509,E000684,procurement,4552286
T000797,E000126,E000475,services,677418
T000798,E001123,E000931,energy_equipment,2525190
T000799,E001153,E001047,maritime_port_equipment,4574845
