svc_id,entity_id,kind,hours,notes
SV000000,E001120,maintenance,149,notes
SV000001,E000998,maintenance,131,notes
SV000002,E001855,engineering,43,notes
SV000003,E000261,engineering,51,notes
SV000004,E001580,contract_mfg,170,notes
SV000005,E001382,contract_mfg,124,notes
SV000006,E000624,contract_mfg,88,notes
SV000007,E001185,maintenance,195,notes
SV000008,E001973,contract_mfg,76,notes
SV000009,E000082,contract_mfg,56,notes
SV000010,E000056,engineering,57,notes
SV000011,E001591,engineering,63,notes
SV000012,E001412,engineering,124,notes
SV000013,E000725,contract_mfg,74,notes
SV000014,E001493,maintenance,98,notes
SV000015,E000566,contract_mfg,182,notes
SV000016,E001849,contract_mfg,177,notes
SV000017,E000968,contract_mfg,150,notes
SV000018,E001419,engineering,41,notes
SV000019,E000959,maintenance,28,notes
SV000020,E000599,contract_mfg,136,notes
SV000021,E001408,engineering,65,notes
SV000022,E001415,contract_mfg,148,notes
SV000023,E001131,maintenance,27,notes
SV000024,E000780,engineering,191,notes
SV000025,E001012,engineering,34,notes
SV000026,E001189,maintenance,116,notes
SV000027,E000631,contract_mfg,118,notes
SV000028,E000613,contract_mfg,73,notes
SV000029,E001280,contract_mfg,167,notes
SV000030,E001511,engineering,34,notes
SV000031,E001580,engineering,39,notes
SV000032,E000586,maintenance,19,notes
SV000033,E000189,engineering,76,notes
SV000034,E000914,contract_mfg,51,notes
SV000035,E000935,engineering,38,notes
SV000036,E001519,maintenance,99,notes
SV000037,E001614,maintenance,121,notes
SV000038,E000921,maintenance,163,notes
SV000039,E000123,engineering,56,notes
SV000040,E001275,maintenance,9,notes
SV000041,E001053,engineering,44,notes
SV000042,E000546,maintenance,44,notes
SV000043,E000370,engineering,71,notes
SV000044,E000621,contract_mfg,32,notes
SV000045,E001614,maintenance,157,notes
SV000046,E000477,maintenance,174,notes
SV000047,E001971,engineering,8,notes
SV000048,E001632,maintenance,88,notes
SV000049,E000628,contract_mfg,36,notes
SV000050,E000460,maintenance,17,notes
SV000051,E001358,maintenance,146,notes
SV000052,E001862,engineering,119,notes
SV000053,E001313,maintenance,80,notes
SV000054,E001010,maintenance,125,notes
SV000055,E001739,contract_mfg,132,notes
SV000056,E001299,engineering,23,notes
SV000057,E001036,maintenance,98,notes
SV000058,E001542,engineering,111,notes
SV000059,E001975,contract_mfg,144,notes
SV000060,E001170,contract_mfg,12,notes
SV000061,E000463,contract_mfg,30,notes
SV000062,E000319,contract_mfg,175,notes
SV000063,E001969,maintenance,57,notes
SV000064,E000767,contract_mfg,187,notes
SV000065,E001423,engineering,3,notes
SV000066,E000596,maintenance,6,notes
SV000067,E001873,engineering,71,notes
SV000068,E000459,engineering,191,notes
SV000069,E001890,maintenance,169,notes
SV000070,E001546,engineering,113,notes
SV000071,E001744,contract_mfg,37,notes
SV000072,E000310,maintenance,121,notes
SV000073,E001242,contract_mfg,188,notes
SV000074,E001158,engineering,143,notes
SV000075,E000839,maintenance,129,notes
SV000076,E001347,contract_mfg,123,notes
SV000077,E000590,contract_mfg,29,notes
SV000078,E001771,contract_mfg,125,notes
SV000079,E000149,engineering,171,notes
SV000080,E001889,engineering,72,notes
SV000081,E001870,contract_mfg,75,notes
SV000082,E000494,engineering,106,notes
SV000083,E001224,engineering,193,notes
SV000084,E000345,engineering,83,notes
SV000085,E000806,engineering,58,notes
SV000086,E000859,maintenance,106,notes
SV000087,E001625,maintenance,61,notes
SV000088,E000459,engineering,56,notes
SV000089,E001822,maintenance,109,notes
SV000090,E001463,engineering,132,notes
SV000091,E000637,contract_mfg,41,notes
SV000092,E001163,engineering,181,notes
SV000093,E001356,maintenance,136,notes
SV000094,E001506,maintenance,66,notes
SV000095,E001229,contract_mfg,116,notes
SV000096,E001761,maintenance,34,notes
SV000097,E001887,engineering,151,notes
SV000098,E001400,maintenance,35,notes
SV000099,E001371,maintenance,164,notes
SV000100,E000925,contract_mfg,6,notes
SV000101,E001679,engineering,81,notes
SV000102,E001326,engineering,160,notes
SV000103,E000926,maintenance,109,notes
SV000104,E001405,engineering,80,notes
SV000105,E000639,maintenance,76,notes
SV000106,E001395,engineering,117,notes
SV000107,E001510,contract_mfg,191,notes
SV000108,E000455,engineering,174,notes
SV000109,E000748,maintenance,26,notes
SV000110,E001743,engineering,146,notes
SV000111,E001249,maintenance,12,notes
SV000112,E000796,maintenance,73,notes
SV000113,E001212,maintenance,127,notes
SV000114,E001620,engineering,7,notes
SV000115,E001275,maintenance,131,notes
SV000116,E001972,maintenance,74,notes
SV000117,E001213,maintenance,11,notes
SV000118,E000996,engineering,174,notes
SV000119,E001107,contract_mfg,139,notes
SV000120,E000747,maintenance,95,notes
SV000121,E000334,engineering,112,notes
SV000122,E001186,engineering,92,notes
SV000123,E001809,engineering,113,notes
SV000124,E000583,contract_mfg,196,notes
SV000125,E000924,contract_mfg,171,notes
SV000126,E001609,contract_mfg,78,notes
SV000127,E001896,contract_mfg,120,notes
SV000128,E001116,maintenance,65,notes
SV000129,E001885,contract_mfg,200,notes
SV000130,E000244,engineering,86,notes
SV000131,E000045,maintenance,22,notes
SV000132,E001603,contract_mfg,136,notes
SV000133,E000044,contract_mfg,199,notes
SV000134,E000951,maintenance,44,notes
SV000135,E001428,maintenance,77,notes
SV000136,E001586,engineering,59,notes
SV000137,E001390,engineering,189,notes
SV000138,E001074,maintenance,59,notes
SV000139,E001598,engineering,87,notes
SV000140,E000289,maintenance,31,notes
SV000141,E000978,maintenance,43,notes
SV000142,E000203,engineering,5,notes
SV000143,E000776,maintenance,120,notes
SV000144,E001468,engineering,190,notes
SV000145,E000369,contract_mfg,23,notes
SV000146,E000899,engineering,134,notes
SV000147,E001288,contract_mfg,95,notes
SV000148,E000252,contract_mfg,108,notes
SV000149,E001505,contract_mfg,197,notes
SV000150,E001232,engineering,12,notes
SV000151,E001498,maintenance,42,notes
SV000152,E000601,contract_mfg,152,notes
SV000153,E001077,engineering,91,notes
SV000154,E001582,contract_mfg,64,notes
SV000155,E000070,engineering,28,notes
SV000156,E000397,engineering,20,notes
SV000157,E001261,contract_mfg,3,notes
SV000158,E001695,maintenance,198,notes
SV000159,E000173,contract_mfg,83,notes
SV000160,E000632,maintenance,37,notes
SV000161,E001719,contract_mfg,149,notes
SV000162,E001758,contract_mfg,154,notes
SV000163,E001291,engineering,191,notes
SV000164,E000249,engineering,50,notes
SV000165,E001846,maintenance,115,notes
SV000166,E001675,contract_mfg,11,notes
SV000167,E000605,maintenance,178,notes
SV000168,E001064,maintenance,55,notes
SV000169,E001852,contract_mfg,34,notes
SV000170,E001758,contract_mfg,41,notes
SV000171,E001012,engineering,110,notes
SV000172,E000678,contract_mfg,105,notes
SV000173,E000621,contract_mfg,180,notes
SV000174,E000377,contract_mfg,142,notes
SV000175,E000728,maintenance,36,notes
SV000176,E001587,contract_mfg,200,notes
SV000177,E001127,contract_mfg,184,notes
SV000178,E001744,engineering,167,notes
SV000179,E001937,maintenance,199,notes
SV000180,E000531,engineering,86,notes
SV000181,E001017,engineering,108,notes
SV000182,E000043,contract_mfg,41,notes
SV000183,E000739,maintenance,187,notes
SV000184,E000575,engineering,23,notes
SV000185,E001172,engineering,104,notes
SV000186,E001828,engineering,119,notes
SV000187,E001592,maintenance,96,notes
SV000188,E000355,engineering,161,notes
SV000189,E000088,engineering,54,notes
SV000190,E001751,maintenance,76,notes
SV000191,E001349,engineering,98,notes
SV000192,E001660,maintenance,172,notes
SV000193,E000643,engineering,76,notes
SV000194,E001122,maintenance,177,notes
SV000195,E001293,engineering,173,notes
SV000196,E001637,engineering,173,notes
SV000197,E001187,maintenance,196,notes
SV000198,E000887,engineering,108,notes
SV000199,E000295,engineering,42,notes
SV000200,E000041,maintenance,71,notes
SV000201,E000651,maintenance,76,notes
SV000202,E000361,contract_mfg,38,notes
SV000203,E001179,maintenance,47,notes
SV000204,E001291,contract_mfg,178,notes
SV000205,E001888,contract_mfg,83,notes
SV000206,E000286,maintenance,42,notes
SV000207,E000342,engineering,154,notes
SV000208,E001732,contract_mfg,153,notes
SV000209,E000494,engineering,43,notes
SV000210,E000500,contract_mfg,107,notes
SV000211,E001845,contract_mfg,104,notes
SV000212,E001552,engineering,114,notes
SV000213,E000403,contract_mfg,108,notes
SV000214,E001407,contract_mfg,177,notes
SV000215,E000327,contract_mfg,99,notes
SV000216,E001144,engineering,78,notes
SV000217,E001927,maintenance,47,notes
SV000218,E000098,engineering,128,notes
SV000219,E001593,engineering,184,notes
SV000220,E000036,maintenance,123,notes
SV000221,E000668,engineering,17,notes
SV000222,E000607,contract_mfg,151,notes
SV000223,E000691,contract_mfg,144,notes
SV000224,E001955,contract_mfg,43,notes
SV000225,E000726,contract_mfg,172,notes
SV000226,E000972,maintenance,155,notes
SV000227,E001618,contract_mfg,129,notes
SV000228,E001013,engineering,86,notes
SV000229,E001470,maintenance,16,notes
SV000230,E001122,maintenance,21,notes
SV000231,E001174,contract_mfg,19,notes
SV000232,E000533,engineering,141,notes
SV000233,E001507,engineering,99,notes
SV000234,E001486,maintenance,146,notes
SV000235,E000642,maintenance,42,notes
SV000236,E001518,engineering,52,notes
SV000237,E001472,engineering,96,notes
SV000238,E000898,contract_mfg,186,notes
SV000239,E001807,maintenance,30,notes
SV000240,E001163,contract_mfg,120,notes
SV000241,E001376,contract_mfg,119,notes
SV000242,E000477,engineering,132,notes
SV000243,E000751,maintenance,27,notes
SV000244,E001628,engineering,196,notes
SV000245,E001047,contract_mfg,161,notes
SV000246,E001883,maintenance,181,notes
SV000247,E001734,maintenance,60,notes
SV000248,E001679,contract_mfg,76,notes
SV000249,E001901,maintenance,91,notes
SV000250,E000925,maintenance,70,notes
SV000251,E000952,engineering,131,notes
SV000252,E001272,maintenance,94,notes
SV000253,E000908,contract_mfg,136,notes
SV000254,E001874,contract_mfg,147,notes
SV000255,E001898,engineering,187,notes
SV000256,E001602,engineering,5,notes
SV000257,E000413,engineering,141,notes
SV000258,E000228,contract_mfg,176,notes
SV000259,E001212,contract_mfg,24,notes
SV000260,E000826,contract_mfg,20,notes
SV000261,E001744,engineering,42,notes
SV000262,E001385,contract_mfg,72,notes
SV000263,E001021,contract_mfg,68,notes
SV000264,E000056,engineering,38,notes
SV000265,E001757,contract_mfg,31,notes
SV000266,E001748,contract_mfg,132,notes
SV000267,E000113,maintenance,143,notes
SV000268,E000626,engineering,55,notes
SV000269,E001814,contract_mfg,73,notes
SV000270,E001338,contract_mfg,8,notes
SV000271,E000313,maintenance,12,notes
SV000272,E000547,engineering,77,notes
SV000273,E001012,contract_mfg,138,notes
SV000274,E000802,contract_mfg,138,notes
SV000275,E001856,contract_mfg,73,notes
SV000276,E001879,engineering,199,notes
SV000277,E001226,engineering,130,notes
SV000278,E000379,engineering,78,notes
SV000279,E000981,maintenance,95,notes
SV000280,E000768,contract_mfg,97,notes
SV000281,E001974,maintenance,40,notes
SV000282,E000604,contract_mfg,47,notes
SV000283,E000176,contract_mfg,18,notes
SV000284,E001258,maintenance,177,notes
SV000285,E000786,maintenance,165,notes
SV000286,E000652,engineering,164,notes
SV000287,E001296,engineering,87,notes
SV000288,E001570,engineering,193,notes
SV000289,E001172,engineering,77,notes
SV000290,E001424,contract_mfg,198,notes
SV000291,E000484,engineering,8,notes
SV000292,E000712,maintenance,114,notes
SV000293,E001486,contract_mfg,198,notes
SV000294,E000026,engineering,178,notes
SV000295,E000451,contract_mfg,25,notes
SV000296,E000489,contract_mfg,13,notes
SV000297,E001862,contract_mfg,96,notes
SV000298,E001734,engineering,4,notes
SV000299,E000935,contract_mfg,149,notes
SV000300,E000827,engineering,103,notes
SV000301,E001617,contract_mfg,194,notes
SV000302,E001286,maintenance,39,notes
SV000303,E001353,maintenance,102,notes
SV000304,E001798,contract_mfg,13,notes
SV000305,E001562,maintenance,198,notes
SV000306,E000048,maintenance,61,notes
SV000307,E001964,engineering,180,notes
SV000308,E001053,contract_mfg,57,notes
SV000309,E000238,maintenance,18,notes
SV000310,E000123,maintenance,59,notes
SV000311,E001285,engineering,72,notes
SV000312,E001181,engineering,99,notes
SV000313,E001031,contract_mfg,102,notes
SV000314,E000420,contract_mfg,50,notes
SV000315,E000343,engineering,188,notes
SV000316,E000049,contract_mfg,157,notes
SV000317,E001948,engineering,70,notes
SV000318,E001449,maintenance,152,notes
SV000319,E000203,engineering,7,notes
SV000320,E001580,maintenance,33,notes
SV000321,E000550,contract_mfg,122,notes
SV000322,E001841,maintenance,50,notes
SV000323,E000463,engineering,46,notes
SV000324,E001949,contract_mfg,92,notes
SV000325,E001031,maintenance,9,notes
SV000326,E000357,contract_mfg,8,notes
SV000327,E000679,contract_mfg,116,notes
SV000328,E001051,contract_mfg,151,notes
SV000329,E001440,engineering,69,notes
SV000330,E001449,maintenance,79,notes
SV000331,E001926,engineering,161,notes
SV000332,E001843,engineering,181,notes
SV000333,E000335,maintenance,86,notes
SV000334,E000054,engineering,154,notes
SV000335,E000749,engineering,21,notes
SV000336,E001495,contract_mfg,115,notes
SV000337,E000239,maintenance,72,notes
SV000338,E001096,contract_mfg,42,notes
SV000339,E001324,maintenance,141,notes
SV000340,E001867,engineering,34,notes
SV000341,E001328,maintenance,135,notes
SV000342,E000291,maintenance,98,notes
SV000343,E000052,engineering,192,notes
SV000344,E001452,contract_mfg,180,notes
SV000345,E001668,contract_mfg,24,notes
SV000346,E000233,maintenance,88,notes
SV000347,E001697,engineering,155,notes
SV000348,E001442,maintenance,146,notes
SV000349,E001089,maintenance,150,notes
SV000350,E000156,engineering,22,notes
SV000351,E001621,maintenance,27,notes
SV000352,E001135,engineering,31,notes
SV000353,E001346,maintenance,146,notes
SV000354,E001312,engineering,133,notes
SV000355,E001565,contract_mfg,52,notes
SV000356,E000525,engineering,16,notes
SV000357,E000334,contract_mfg,159,notes
SV000358,E001787,contract_mfg,100,notes
SV000359,E000926,contract_mfg,61,notes
SV000360,E000186,maintenance,96,notes
SV000361,E000630,engineering,184,notes
SV000362,E000271,engineering,19,notes
SV000363,E001471,maintenance,122,notes
SV000364,E001064,contract_mfg,55,notes
SV000365,E000320,maintenance,196,notes
SV000366,E000528,contract_mfg,28,notes
SV000367,E000861,engineering,157,notes
SV000368,E001127,engineering,178,notes
SV000369,E000652,engineering,48,notes
SV000370,E000394,engineering,192,notes
SV000371,E001905,engineering,86,notes
SV000372,E001612,contract_mfg,81,notes
SV000373,E001548,engineering,31,notes
SV000374,E000500,engineering,32,notes
SV000375,E000366,maintenance,142,notes
SV000376,E000091,engineering,68,notes
SV000377,E000414,maintenance,82,notes
SV000378,E000495,maintenance,110,notes
SV000379,E001434,engineering,114,notes
SV000380,E000961,engineering,29,notes
SV000381,E000447,maintenance,198,notes
SV000382,E000308,contract_mfg,14,notes
SV000383,E000988,maintenance,26,notes
SV000384,E000782,engineering,37,notes
SV000385,E000303,contract_mfg,45,notes
SV000386,E001975,maintenance,116,notes
SV000387,E000564,engineering,96,notes
SV000388,E001876,maintenance,133,notes
SV000389,E001470,engineering,16,notes
SV000390,E000293,engineering,7,notes
SV000391,E000022,engineering,106,notes
SV000392,E000542,engineering,82,notes
SV000393,E000032,engineering,16,notes
SV000394,E000775,engineering,130,notes
SV000395,E000919,contract_mfg,169,notes
SV000396,E001924,engineering,5,notes
SV000397,E001428,contract_mfg,15,notes
SV000398,E000111,maintenance,184,notes
SV000399,E001342,contract_mfg,63,notes
SV000400,E000307,maintenance,156,notes
SV000401,E001775,maintenance,196,notes
SV000402,E000603,contract_mfg,171,notes
SV000403,E001405,maintenance,93,notes
SV000404,E000170,engineering,113,notes
SV000405,E000246,maintenance,25,notes
SV000406,E001952,contract_mfg,75,notes
SV000407,E000952,engineering,86,notes
SV000408,E000832,engineering,115,notes
SV000409,E000307,maintenance,52,notes
SV000410,E000180,engineering,43,notes
SV000411,E001931,contract_mfg,5,notes
SV000412,E000593,contract_mfg,21,notes
SV000413,E000123,contract_mfg,57,notes
SV000414,E000021,maintenance,137,notes
SV000415,E001688,engineering,192,notes
SV000416,E001141,contract_mfg,28,notes
SV000417,E000446,maintenance,162,notes
SV000418,E000442,contract_mfg,85,notes
SV000419,E000724,maintenance,177,notes
SV000420,E001433,contract_mfg,130,notes
SV000421,E000191,maintenance,7,notes
SV000422,E001390,maintenance,111,notes
SV000423,E000348,engineering,95,notes
SV000424,E000969,engineering,118,notes
SV000425,E001949,maintenance,196,notes
SV000426,E001810,engineering,163,notes
SV000427,E000780,engineering,60,notes
SV000428,E001709,contract_mfg,7,notes
SV000429,E001932,engineering,18,notes
SV000430,E000375,engineering,14,notes
SV000431,E000649,engineering,199,notes
SV000432,E001243,engineering,124,notes
SV000433,E001423,engineering,80,notes
SV000434,E000283,maintenance,177,notes
SV000435,E000292,engineering,176,notes
SV000436,E000511,engineering,84,notes
SV000437,E000174,engineering,21,notes
SV000438,E001274,maintenance,184,notes
SV000439,E000651,maintenance,195,notes
SV000440,E001067,engineering,159,notes
SV000441,E000358,contract_mfg,100,notes
SV000442,E001648,contract_mfg,29,notes
SV000443,E001213,maintenance,40,notes
SV000444,E001873,maintenance,114,notes
SV000445,E000503,contract_mfg,199,notes
SV000446,E000778,contract_mfg,28,notes
SV000447,E001285,engineering,129,notes
SV000448,E001004,contract_mfg,71,notes
SV000449,E000020,engineering,70,notes
SV000450,E000823,contract_mfg,191,notes
SV000451,E000328,contract_mfg,75,notes
SV000452,E001654,engineering,188,notes
SV000453,E000790,maintenance,171,notes
SV000454,E001155,maintenance,156,notes
SV000455,E000641,contract_mfg,114,notes
SV000456,E001917,contract_mfg,111,notes
SV000457,E001186,contract_mfg,65,notes
SV000458,E001268,engineering,55,notes
SV000459,E001376,contract_mfg,23,notes
SV000460,E001912,engineering,170,notes
SV000461,E000011,maintenance,103,notes
SV000462,E000005,maintenance,104,notes
SV000463,E000752,contract_mfg,76,notes
SV000464,E000829,maintenance,53,notes
SV000465,E000296,contract_mfg,5,notes
SV000466,E001898,maintenance,139,notes
SV000467,E001835,maintenance,148,notes
SV000468,E000031,engineering,146,notes
SV000469,E000548,contract_mfg,78,notes
SV000470,E000873,contract_mfg,147,notes
SV000471,E001866,maintenance,150,notes
SV000472,E000473,contract_mfg,198,notes
SV000473,E001675,maintenance,66,notes
SV000474,E001213,engineering,190,notes
SV000475,E001923,contract_mfg,37,notes
SV000476,E000903,maintenance,36,notes
SV000477,E000837,contract_mfg,5,notes
SV000478,E001641,contract_mfg,143,notes
SV000479,E001139,maintenance,60,notes
SV000480,E001584,contract_mfg,81,notes
SV000481,E000153,maintenance,57,notes
SV000482,E001663,engineering,96,notes
SV000483,E000827,engineering,186,notes
SV000484,E000282,maintenance,78,notes
SV000485,E000876,contract_mfg,78,notes
SV000486,E000371,engineering,71,notes
SV000487,E000916,engineering,25,notes
SV000488,E000110,contract_mfg,23,notes
SV000489,E000453,engineering,114,notes
SV000490,E000054,engineering,94,notes
SV000491,E001953,contract_mfg,14,notes
SV000492,E001349,maintenance,33,notes
SV000493,E001417,contract_mfg,112,notes
SV000494,E001596,contract_mfg,90,notes
SV000495,E000398,contract_mfg,144,notes
SV000496,E001645,engineering,108,notes
SV000497,E000715,contract_mfg,80,notes
SV000498,E001793,maintenance,58,notes
SV000499,E001326,contract_mfg,134,notes
SV000500,E001151,maintenance,119,notes
SV000501,E000380,maintenance,102,notes
SV000502,E001593,contract_mfg,67,notes
SV000503,E000611,engineering,1,notes
SV000504,E001062,contract_mfg,12,notes
SV000505,E000337,engineering,60,notes
SV000506,E001648,maintenance,124,notes
SV000507,E000712,contract_mfg,178,notes
SV000508,E001823,engineering,78,notes
SV000509,E000653,contract_mfg,56,notes
SV000510,E000152,engineering,169,notes
SV000511,E000530,contract_mfg,26,notes
SV000512,E001812,engineering,91,notes
SV000513,E001238,maintenance,158,notes
SV000514,E001721,contract_mfg,119,notes
SV000515,E000990,maintenance,152,notes
SV000516,E000077,engineering,186,notes
SV000517,E001538,contract_mfg,90,notes
SV000518,E000917,maintenance,199,notes
SV000519,E001826,contract_mfg,179,notes
SV000520,E001246,engineering,139,notes
SV000521,E000664,engineering,132,notes
SV000522,E001511,maintenance,6,notes
SV000523,E001512,engineering,146,notes
SV000524,E001913,contract_mfg,186,notes
SV000525,E000110,maintenance,18,notes
SV000526,E001941,engineering,149,notes
SV000527,E000183,maintenance,73,notes
SV000528,E000962,maintenance,52,notes
SV000529,E000670,maintenance,57,notes
SV000530,E001057,maintenance,95,notes
SV000531,E001557,contract_mfg,31,notes
SV000532,E000855,engineering,46,notes
SV000533,E000564,engineering,151,notes
SV000534,E001269,maintenance,106,notes
SV000535,E000761,engineering,87,notes
SV000536,E001703,contract_mfg,197,notes
SV000537,E001923,contract_mfg,38,notes
SV000538,E001043,maintenance,96,notes
SV000539,E001873,engineering,74,notes
SV000540,E000342,maintenance,59,notes
SV000541,E000506,maintenance,129,notes
SV000542,E001921,engineering,136,notes
SV000543,E000501,contract_mfg,6,notes
SV000544,E000205,contract_mfg,38,notes
SV000545,E001206,contract_mfg,113,notes
SV000546,E000831,maintenance,108,notes
SV000547,E000642,engineering,136,notes
SV000548,E001571,contract_mfg,139,notes
SV000549,E001468,engineering,143,notes
SV000550,E000041,engineering,75,notes
SV000551,E001302,engineering,98,notes
SV000552,E000396,contract_mfg,88,notes
SV000553,E000306,contract_mfg,81,notes
SV000554,E000075,contract_mfg,84,notes
SV000555,E001180,maintenance,74,notes
SV000556,E000126,maintenance,78,notes
SV000557,E000182,engineering,130,notes
SV000558,E000067,maintenance,79,notes
SV000559,E000825,engineering,56,notes
SV000560,E001763,contract_mfg,135,notes
SV000561,E001376,contract_mfg,32,notes
SV000562,E000765,contract_mfg,28,notes
SV000563,E001402,engineering,78,notes
SV000564,E001639,engineering,154,notes
SV000565,E000649,engineering,7,notes
SV000566,E001510,engineering,79,notes
SV000567,E001742,maintenance,68,notes
SV000568,E000535,maintenance,91,notes
SV000569,E000447,maintenance,193,notes
SV000570,E001198,contract_mfg,164,notes
SV000571,E000773,maintenance,113,notes
SV000572,E001678,contract_mfg,173,notes
SV000573,E000276,maintenance,188,notes
SV000574,E000806,maintenance,162,notes
SV000575,E000759,engineering,11,notes
SV000576,E001051,contract_mfg,53,notes
SV000577,E000959,engineering,34,notes
SV000578,E001520,engineering,90,notes
SV000579,E000751,engineering,194,notes
SV000580,E001977,engineering,149,notes
SV000581,E001131,maintenance,138,notes
SV000582,E000509,contract_mfg,21,notes
SV000583,E001384,contract_mfg,194,notes
SV000584,E000044,maintenance,88,notes
SV000585,E001963,maintenance,196,notes
SV000586,E001441,contract_mfg,127,notes
SV000587,E001606,maintenance,48,notes
SV000588,E000116,maintenance,115,notes
SV000589,E001809,maintenance,150,notes
SV000590,E000302,maintenance,127,notes
SV000591,E000688,contract_mfg,64,notes
SV000592,E001099,contract_mfg,35,notes
SV000593,E000718,contract_mfg,186,notes
SV000594,E000497,maintenance,103,notes
SV000595,E000337,contract_mfg,188,notes
SV000596,E000535,contract_mfg,68,notes
SV000597,E001377,engineering,21,notes
SV000598,E000206,maintenance,138,notes
SV000599,E000019,maintenance,112,notes
SV000600,E000701,engineering,81,notes
SV000601,E000141,maintenance,169,notes
SV000602,E001480,maintenance,7,notes
SV000603,E000887,engineering,40,notes
SV000604,E001470,contract_mfg,61,notes
SV000605,E001674,contract_mfg,73,notes
SV000606,E001499,contract_mfg,159,notes
SV000607,E000787,maintenance,27,notes
SV000608,E000721,contract_mfg,97,notes
SV000609,E000442,engineering,135,notes
SV000610,E001099,contract_mfg,96,notes
SV000611,E001678,contract_mfg,123,notes
SV000612,E001019,maintenance,94,notes
SV000613,E000985,engineering,192,notes
SV000614,E000608,engineering,168,notes
SV000615,E001404,contract_mfg,72,notes
SV000616,E001005,maintenance,22,notes
SV000617,E000789,maintenance,142,notes
SV000618,E001936,contract_mfg,40,notes
SV000619,E000234,maintenance,40,notes
SV000620,E000339,contract_mfg,47,notes
SV000621,E001948,maintenance,85,notes
SV000622,E000812,contract_mfg,143,notes
SV000623,E001258,maintenance,196,notes
SV000624,E000988,contract_mfg,84,notes
SV000625,E001964,engineering,152,notes
SV000626,E000612,maintenance,68,notes
SV000627,E001207,engineering,138,notes
SV000628,E000405,maintenance,32,notes
SV000629,E000267,maintenance,7,notes
SV000630,E000023,maintenance,141,notes
SV000631,E000476,engineering,13,notes
SV000632,E001623,engineering,40,notes
SV000633,E000698,contract_mfg,60,notes
SV000634,E000631,engineering,16,notes
SV000635,E001900,maintenance,43,notes
SV000636,E001348,maintenance,9,notes
SV000637,E000210,engineering,172,notes
SV000638,E001694,maintenance,14,notes
SV000639,E000949,maintenance,79,notes
SV000640,E000865,contract_mfg,183,notes
SV000641,E001072,engineering,92,notes
SV000642,E001156,contract_mfg,119,notes
SV000643,E001230,engineering,57,notes
SV000644,E000150,contract_mfg,88,notes
SV000645,E000606,engineering,31,notes
SV000646,E000227,maintenance,12,notes
SV000647,E001080,maintenance,85,notes
SV000648,E000155,maintenance,88,notes
SV000649,E001937,engineering,29,notes
SV000650,E000257,maintenance,8,notes
SV000651,E001810,contract_mfg,106,notes
SV000652,E000798,engineering,9,notes
SV000653,E000147,contract_mfg,184,notes
SV000654,E000567,engineering,22,notes
SV000655,E000878,engineering,157,notes
SV000656,E000799,engineering,100,notes
SV000657,E000281,engineering,36,notes
SV000658,E001600,engineering,16,notes
SV000659,E000999,maintenance,79,notes
SV000660,E000089,maintenance,110,notes
SV000661,E001362,maintenance,25,notes
SV000662,E000820,engineering,166,notes
SV000663,E000968,maintenance,4,notes
SV000664,E000832,maintenance,99,notes
SV000665,E000765,contract_mfg,16,notes
SV000666,E000067,maintenance,114,notes
SV000667,E001626,maintenance,41,notes
SV000668,E001565,maintenance,87,notes
SV000669,E000739,maintenance,183,notes
SV000670,E000344,engineering,13,notes
SV000671,E000242,maintenance,45,notes
SV000672,E000516,maintenance,155,notes
SV000673,E000445,contract_mfg,127,notes
SV000674,E000675,engineering,196,notes
SV000675,E000392,maintenance,117,notes
SV000676,E000375,maintenance,69,notes
SV000677,E000709,maintenance,45,notes
SV000678,E001866,contract_mfg,129,notes
SV000679,E000587,maintenance,178,notes
SV000680,E001585,maintenance,66,notes
SV000681,E001522,engineering,107,notes
SV000682,E001841,engineering,65,notes
SV000683,E000394,maintenance,139,notes
SV000684,E000406,maintenance,100,notes
SV000685,E001020,engineering,8,notes
SV000686,E000286,engineering,31,notes
SV000687,E001715,maintenance,52,notes
SV000688,E001580,maintenance,129,notes
SV000689,E001274,maintenance,53,notes
SV000690,E000988,maintenance,59,notes
SV000691,E001612,maintenance,176,notes
SV000692,E001809,contract_mfg,199,notes
SV000693,E000576,contract_mfg,198,notes
SV000694,E000166,engineering,105,notes
SV000695,E000848,engineering,41,notes
SV000696,E000272,maintenance,8,notes
SV000697,E000507,contract_mfg,125,notes
SV000698,E000121,engineering,132,notes
SV000699,E001160,engineering,131,notes
SV000700,E001231,engineering,192,notes
SV000701,E000442,contract_mfg,28,notes
SV000702,E001282,contract_mfg,35,notes
SV000703,E001669,engineering,188,notes
SV000704,E000762,maintenance,37,notes
SV000705,E001620,maintenance,155,notes
SV000706,E001357,maintenance,91,notes
SV000707,E001062,maintenance,19,notes
SV000708,E000223,contract_mfg,95,notes
SV000709,E001574,maintenance,57,notes
SV000710,E001338,engineering,194,notes
SV000711,E000248,contract_mfg,9,notes
SV000712,E000215,contract_mfg,187,notes
SV000713,E001379,contract_mfg,1,notes
SV000714,E001311,contract_mfg,44,notes
SV000715,E000138,contract_mfg,109,notes
SV000716,E000523,maintenance,194,notes
SV000717,E001423,contract_mfg,47,notes
SV000718,E000955,contract_mfg,191,notes
SV000719,E001738,contract_mfg,82,notes
SV000720,E001920,contract_mfg,103,notes
SV000721,E001361,engineering,131,notes
SV000722,E000208,maintenance,113,notes
SV000723,E001801,contract_mfg,80,notes
SV000724,E000850,engineering,133,notes
SV000725,E000260,contract_mfg,111,notes
SV000726,E000564,engineering,117,notes
SV000727,E001735,contract_mfg,127,notes
SV000728,E000491,contract_mfg,48,notes
SV000729,E000890,contract_mfg,129,notes
SV000730,E000089,contract_mfg,85,notes
SV000731,E001473,maintenance,120,notes
SV000732,E000095,maintenance,49,notes
SV000733,E001212,maintenance,24,notes
SV000734,E001135,contract_mfg,21,notes
SV000735,E000488,engineering,187,notes
SV000736,E001982,contract_mfg,110,notes
SV000737,E000292,maintenance,44,notes
SV000738,E001399,contract_mfg,56,notes
SV000739,E001613,engineering,98,notes
SV000740,E000970,contract_mfg,74,notes
SV000741,E001526,engineering,105,notes
SV000742,E000159,maintenance,197,notes
SV000743,E001122,maintenance,139,notes
SV000744,E000719,engineering,165,notes
SV000745,E001632,engineering,198,notes
SV000746,E001614,maintenance,170,notes
SV000747,E000129,engineering,36,notes
SV000748,E000823,contract_mfg,115,notes
SV000749,E000096,contract_mfg,87,notes
SV000750,E001241,contract_mfg,159,notes
SV000751,E001345,maintenance,181,notes
SV000752,E001851,contract_mfg,31,notes
SV000753,E000024,maintenance,2,notes
SV000754,E001396,contract_mfg,42,notes
SV000755,E000530,contract_mfg,185,notes
SV000756,E000379,maintenance,134,notes
SV000757,E001669,maintenance,108,notes
SV000758,E001551,engineering,7,notes
SV000759,E000180,engineering,176,notes
SV000760,E000635,engineering,83,notes
SV000761,E001592,maintenance,102,notes
SV000762,E000276,maintenance,7,notes
SV000763,E001327,engineering,102,notes
SV000764,E001895,engineering,191,notes
SV000765,E001602,maintenance,38,notes
SV000766,E000218,engineering,28,notes
SV000767,E001781,engineering,150,notes
SV000768,E000594,maintenance,61,notes
SV000769,E000470,engineering,172,notes
SV000770,E001222,contract_mfg,65,notes
SV000771,E001841,engineering,46,notes
SV000772,E001886,engineering,179,notes
SV000773,E000751,engineering,128,notes
SV000774,E001616,maintenance,73,notes
SV000775,E000146,contract_mfg,189,notes
SV000776,E000220,contract_mfg,91,notes
SV000777,E001169,maintenance,16,notes
SV000778,E001312,contract_mfg,51,notes
SV000779,E000396,maintenance,123,notes
SV000780,E000483,contract_mfg,14,notes
SV000781,E001209,engineering,33,notes
SV000782,E000310,maintenance,178,notes
SV000783,E001101,contract_mfg,116,notes
SV000784,E001555,maintenance,70,notes
SV000785,E001389,maintenance,155,notes
SV000786,E001024,maintenance,199,notes
SV000787,E001928,maintenance,113,notes
SV000788,E001516,engineering,49,notes
SV000789,E000482,maintenance,24,notes
SV000790,E001906,engineering,105,notes
SV000791,E001424,contract_mfg,79,notes
SV000792,E000267,contract_mfg,194,notes
SV000793,E000348,maintenance,194,notes
SV000794,E000267,maintenance,124,notes
SV000795,E000256,contract_mfg,186,notes
SV000796,E001670,engineering,175,notes
SV000797,E001674,maintenance,49,notes
SV000798,E001443,engineering,26,notes
SV000799,E000752,maintenance,55,notes
SV000800,E000112,engineering,191,notes
SV000801,E000523,engineering,60,notes
SV000802,E001331,engineering,130,notes
SV000803,E000470,maintenance,182,notes
SV000804,E001698,maintenance,65,notes
SV000805,E001241,engineering,141,notes
SV000806,E000748,engineering,92,notes
SV000807,E001437,contract_mfg,189,notes
SV000808,E001987,maintenance,161,notes
SV000809,E000600,maintenance,90,notes
SV000810,E000161,contract_mfg,67,notes
SV000811,E000355,contract_mfg,72,notes
SV000812,E000623,contract_mfg,76,notes
SV000813,E001691,contract_mfg,164,notes
SV000814,E000352,contract_mfg,92,notes
SV000815,E001043,contract_mfg,134,notes
SV000816,E000839,engineering,6,notes
SV000817,E001583,engineering,181,notes
SV000818,E000585,contract_mfg,170,notes
SV000819,E001758,contract_mfg,190,notes
SV000820,E000248,maintenance,144,notes
SV000821,E001463,maintenance,189,notes
SV000822,E001550,maintenance,9,notes
SV000823,E001074,maintenance,123,notes
SV000824,E000897,contract_mfg,155,notes
SV000825,E001044,maintenance,14,notes
SV000826,E001178,engineering,133,notes
SV000827,E000110,maintenance,145,notes
SV000828,E000062,maintenance,121,notes
SV000829,E001376,contract_mfg,137,notes
SV000830,E001965,engineering,183,notes
SV000831,E000080,contract_mfg,168,notes
SV000832,E001411,maintenance,193,notes
SV000833,E001065,contract_mfg,120,notes
SV000834,E000115,contract_mfg,172,notes
SV000835,E000783,maintenance,7,notes
SV000836,E000588,contract_mfg,109,notes
SV000837,E001576,contract_mfg,57,notes
SV000838,E001556,contract_mfg,36,notes
SV000839,E001998,contract_mfg,162,notes
SV000840,E000103,engineering,12,notes
SV000841,E000548,engineering,162,notes
SV000842,E001509,maintenance,135,notes
SV000843,E000647,engineering,22,notes
SV000844,E000515,engineering,170,notes
SV000845,E001450,engineering,75,notes
SV000846,E001012,maintenance,26,notes
SV000847,E001197,contract_mfg,143,notes
SV000848,E000897,maintenance,186,notes
SV000849,E000304,contract_mfg,130,notes
SV000850,E001447,maintenance,16,notes
SV000851,E001470,maintenance,198,notes
SV000852,E000533,maintenance,61,notes
SV000853,E000800,engineering,92,notes
SV000854,E000265,contract_mfg,139,notes
SV000855,E000677,engineering,11,notes
SV000856,E001150,maintenance,106,notes
SV000857,E000959,maintenance,196,notes
SV000858,E000937,engineering,144,notes
SV000859,E000352,maintenance,67,notes
SV000860,E000937,contract_mfg,18,notes
SV000861,E000045,contract_mfg,152,notes
SV000862,E001952,contract_mfg,174,notes
SV000863,E000560,contract_mfg,148,notes
SV000864,E000400,contract_mfg,83,notes
SV000865,E000293,engineering,89,notes
SV000866,E001179,engineering,196,notes
SV000867,E001244,engineering,59,notes
SV000868,E000856,contract_mfg,64,notes
SV000869,E001091,maintenance,100,notes
SV000870,E001009,contract_mfg,108,notes
SV000871,E000913,engineering,194,notes
SV000872,E000970,engineering,31,notes
SV000873,E000758,engineering,22,notes
SV000874,E001564,contract_mfg,148,notes
SV000875,E001003,maintenance,106,notes
SV000876,E001323,contract_mfg,129,notes
SV000877,E001528,contract_mfg,76,notes
SV000878,E001827,contract_mfg,34,notes
SV000879,E001954,contract_mfg,82,notes
SV000880,E000701,engineering,68,notes
SV000881,E001439,contract_mfg,52,notes
SV000882,E000252,engineering,65,notes
SV000883,E001928,maintenance,9,notes
SV000884,E000158,contract_mfg,99,notes
SV000885,E001370,engineering,152,notes
SV000886,E000329,maintenance,187,notes
SV000887,E001010,maintenance,120,notes
SV000888,E001167,contract_mfg,167,notes
SV000889,E000135,maintenance,152,notes
SV000890,E000660,maintenance,122,notes
SV000891,E001939,engineering,184,notes
SV000892,E000753,contract_mfg,5,notes
SV000893,E000239,engineering,121,notes
SV000894,E000590,engineering,193,notes
SV000895,E001177,contract_mfg,148,notes
SV000896,E000996,contract_mfg,127,notes
SV000897,E001158,maintenance,182,notes
SV000898,E000040,contract_mfg,136,notes
SV000899,E000397,maintenance,66,notes
SV000900,E000864,engineering,122,notes
SV000901,E000301,maintenance,150,notes
SV000902,E001292,contract_mfg,180,notes
SV000903,E001569,contract_mfg,129,notes
SV000904,E001411,maintenance,150,notes
SV000905,E001104,contract_mfg,40,notes
SV000906,E001978,maintenance,48,notes
SV000907,E000650,maintenance,121,notes
SV000908,E000870,contract_mfg,105,notes
SV000909,E001538,engineering,1,notes
SV000910,E001340,engineering,53,notes
SV000911,E000634,engineering,104,notes
SV000912,E000133,engineering,55,notes
SV000913,E001071,contract_mfg,70,notes
SV000914,E000008,engineering,136,notes
SV000915,E000087,engineering,55,notes
SV000916,E000866,engineering,85,notes
SV000917,E001921,engineering,40,notes
SV000918,E001868,contract_mfg,114,notes
SV000919,E001859,engineering,116,notes
SV000920,E001320,contract_mfg,112,notes
SV000921,E000720,contract_mfg,36,notes
SV000922,E001335,maintenance,72,notes
SV000923,E001863,engineering,187,notes
SV000924,E001040,maintenance,68,notes
SV000925,E001466,engineering,157,notes
SV000926,E000002,maintenance,108,notes
SV000927,E000812,engineering,10,notes
SV000928,E000266,maintenance,77,notes
SV000929,E000567,contract_mfg,75,notes
SV000930,E001811,contract_mfg,165,notes
SV000931,E001784,engineering,149,notes
SV000932,E000979,engineering,52,notes
SV000933,E000088,maintenance,2,notes
SV000934,E000667,maintenance,147,notes
SV000935,E001654,contract_mfg,28,notes
SV000936,E001727,contract_mfg,33,notes
SV000937,E001501,maintenance,76,notes
SV000938,E001075,engineering,147,notes
SV000939,E000785,engineering,121,notes
SV000940,E000524,engineering,174,notes
SV000941,E000349,engineering,40,notes
SV000942,E000749,maintenance,6,notes
SV000943,E000379,engineering,181,notes
SV000944,E001095,maintenance,145,notes
SV000945,E001056,contract_mfg,10,notes
SV000946,E001396,maintenance,93,notes
SV000947,E000926,contract_mfg,48,notes
SV000948,E001085,maintenance,53,notes
SV000949,E001939,engineering,194,notes
SV000950,E001082,contract_mfg,80,notes
SV000951,E000023,contract_mfg,63,notes
SV000952,E000611,contract_mfg,144,notes
SV000953,E001530,engineering,199,notes
SV000954,E000054,maintenance,150,notes
SV000955,E001271,engineering,89,notes
SV000956,E001354,maintenance,82,notes
SV000957,E001935,contract_mfg,122,notes
SV000958,E000743,engineering,116,notes
SV000959,E001774,engineering,41,notes
SV000960,E000319,engineering,103,notes
SV000961,E001098,contract_mfg,182,notes
SV000962,E001013,engineering,32,notes
SV000963,E000627,maintenance,154,notes
SV000964,E000288,engineering,43,notes
SV000965,E000511,contract_mfg,118,notes
SV000966,E001564,maintenance,32,notes
SV000967,E001339,engineering,57,notes
SV000968,E001062,maintenance,171,notes
SV000969,E000296,engineering,67,notes
SV000970,E001198,maintenance,174,notes
SV000971,E000926,contract_mfg,53,notes
SV000972,E001463,maintenance,77,notes
SV000973,E000017,contract_mfg,183,notes
SV000974,E001451,maintenance,78,notes
SV000975,E001355,engineering,75,notes
SV000976,E001458,maintenance,194,notes
SV000977,E001262,engineering,158,notes
SV000978,E001167,contract_mfg,110,notes
SV000979,E001532,maintenance,161,notes
SV000980,E001492,engineering,98,notes
SV000981,E000437,maintenance,135,notes
SV000982,E000952,engineering,196,notes
SV000983,E000199,maintenance,46,notes
SV000984,E001320,engineering,184,notes
SV000985,E001787,contract_mfg,141,notes
SV000986,E000235,maintenance,2,notes
SV000987,E000362,contract_mfg,171,notes
SV000988,E000088,contract_mfg,44,notes
SV000989,E000330,engineering,124,notes
SV000990,E001263,contract_mfg,53,notes
SV000991,E001557,maintenance,155,notes
SV000992,E000531,engineering,133,notes
SV000993,E000512,contract_mfg,87,notes
SV000994,E000131,maintenance,185,notes
SV000995,E001807,engineering,70,notes
SV000996,E000128,contract_mfg,138,notes
SV000997,E001127,maintenance,120,notes
SV000998,E001378,engineering,102,notes
SV000999,E000668,maintenance,176,notes
SV001000,E001224,engineering,172,notes
SV001001,E000761,engineering,142,notes
SV001002,E000164,maintenance,122,notes
SV001003,E000673,engineering,192,notes
SV001004,E001344,engineering,197,notes
SV001005,E000972,engineering,21,notes
SV001006,E001746,contract_mfg,38,notes
SV001007,E001568,contract_mfg,161,notes
SV001008,E001412,maintenance,71,notes
SV001009,E001404,maintenance,38,notes
SV001010,E000120,engineering,113,notes
SV001011,E000234,contract_mfg,174,notes
SV001012,E001594,contract_mfg,31,notes
SV001013,E001368,engineering,145,notes
SV001014,E001874,contract_mfg,16,notes
SV001015,E001650,maintenance,168,notes
SV001016,E000583,engineering,71,notes
SV001017,E001130,maintenance,34,notes
SV001018,E001673,maintenance,189,notes
SV001019,E000729,maintenance,105,notes
SV001020,E001218,engineering,139,notes
SV001021,E000908,contract_mfg,1,notes
SV001022,E000918,contract_mfg,119,notes
SV001023,E000479,engineering,155,notes
SV001024,E001300,contract_mfg,99,notes
SV001025,E001024,contract_mfg,173,notes
SV001026,E000772,engineering,157,notes
SV001027,E001804,contract_mfg,167,notes
SV001028,E001548,engineering,121,notes
SV001029,E000102,contract_mfg,3,notes
SV001030,E000705,maintenance,2,notes
SV001031,E000684,contract_mfg,128,notes
SV001032,E000034,engineering,9,notes
SV001033,E001651,maintenance,115,notes
SV001034,E000250,engineering,148,notes
SV001035,E001603,contract_mfg,94,notes
SV001036,E000793,maintenance,40,notes
SV001037,E001531,maintenance,74,notes
SV001038,E000911,engineering,127,notes
SV001039,E001406,engineering,68,notes
SV001040,E000187,engineering,160,notes
SV001041,E000701,maintenance,116,notes
SV001042,E001442,maintenance,137,notes
SV001043,E000296,maintenance,92,notes
SV001044,E000559,contract_mfg,145,notes
SV001045,E000505,contract_mfg,76,notes
SV001046,E000386,contract_mfg,95,notes
SV001047,E000840,engineering,125,notes
SV001048,E001079,maintenance,99,notes
SV001049,E000500,maintenance,12,notes
SV001050,E001662,engineering,97,notes
SV001051,E001437,contract_mfg,78,notes
SV001052,E000284,contract_mfg,125,notes
SV001053,E001664,contract_mfg,137,notes
SV001054,E001593,engineering,36,notes
SV001055,E000394,maintenance,49,notes
SV001056,E000342,engineering,9,notes
SV001057,E001747,maintenance,82,notes
SV001058,E001737,maintenance,103,notes
SV001059,E001616,maintenance,136,notes
SV001060,E000349,engineering,23,notes
SV001061,E001842,maintenance,103,notes
SV001062,E001379,engineering,138,notes
SV001063,E000678,engineering,158,notes
SV001064,E000608,engineering,159,notes
SV001065,E001253,engineering,47,notes
SV001066,E001656,engineering,18,notes
SV001067,E000288,engineering,38,notes
SV001068,E000322,maintenance,54,notes
SV001069,E000812,engineering,92,notes
SV001070,E000050,maintenance,11,notes
SV001071,E000287,maintenance,128,notes
SV001072,E001643,maintenance,14,notes
SV001073,E000574,maintenance,179,notes
SV001074,E000280,contract_mfg,14,notes
SV001075,E000888,engineering,182,notes
SV001076,E001316,maintenance,57,notes
SV001077,E000057,contract_mfg,38,notes
SV001078,E001725,contract_mfg,152,notes
SV001079,E001264,maintenance,119,notes
SV001080,E001111,engineering,199,notes
SV001081,E000005,maintenance,178,notes
SV001082,E000422,contract_mfg,149,notes
SV001083,E000238,contract_mfg,134,notes
SV001084,E000713,engineering,177,notes
SV001085,E000081,engineering,40,notes
SV001086,E000367,contract_mfg,25,notes
SV001087,E000532,contract_mfg,186,notes
SV001088,E000272,engineering,82,notes
SV001089,E000333,maintenance,50,notes
SV001090,E000152,maintenance,6,notes
SV001091,E000331,maintenance,10,notes
SV001092,E001435,engineering,164,notes
SV001093,E001681,engineering,7,notes
SV001094,E000894,engineering,155,notes
SV001095,E001299,maintenance,170,notes
SV001096,E000357,contract_mfg,196,notes
SV001097,E001496,contract_mfg,37,notes
SV001098,E001728,engineering,104,notes
SV001099,E001298,maintenance,160,notes
SV001100,E001106,maintenance,5,notes
SV001101,E000950,contract_mfg,119,notes
SV001102,E000602,engineering,182,notes
SV001103,E001215,maintenance,115,notes
SV001104,E001617,contract_mfg,65,notes
SV001105,E001879,contract_mfg,156,notes
SV001106,E001772,maintenance,111,notes
SV001107,E000755,contract_mfg,139,notes
SV001108,E000331,contract_mfg,34,notes
SV001109,E000588,engineering,196,notes
SV001110,E000730,engineering,194,notes
SV001111,E001703,contract_mfg,160,notes
SV001112,E001794,engineering,28,notes
SV001113,E001154,maintenance,34,notes
SV001114,E000910,maintenance,108,notes
SV001115,E001171,maintenance,77,notes
SV001116,E001324,contract_mfg,21,notes
SV001117,E000513,engineering,174,notes
SV001118,E000075,maintenance,134,notes
SV001119,E001911,maintenance,166,notes
SV001120,E001062,contract_mfg,161,notes
SV001121,E000839,contract_mfg,128,notes
SV001122,E001033,maintenance,49,notes
SV001123,E000787,contract_mfg,44,notes
SV001124,E001891,contract_mfg,198,notes
SV001125,E001691,maintenance,199,notes
SV001126,E001099,contract_mfg,111,notes
SV001127,E001910,maintenance,54,notes
SV001128,E001814,contract_mfg,145,notes
SV001129,E001121,maintenance,137,notes
SV001130,E000601,contract_mfg,181,notes
SV001131,E000611,contract_mfg,49,notes
SV001132,E000881,maintenance,15,notes
SV001133,E001673,maintenance,159,notes
SV001134,E000471,engineering,57,notes
SV001135,E001080,maintenance,27,notes
SV001136,E001872,maintenance,191,notes
SV001137,E000951,maintenance,186,notes
SV001138,E001309,engineering,43,notes
SV001139,E000965,contract_mfg,47,notes
SV001140,E001610,contract_mfg,45,notes
SV001141,E001330,contract_mfg,81,notes
SV001142,E001789,maintenance,162,notes
SV001143,E000751,engineering,56,notes
SV001144,E001477,contract_mfg,148,notes
SV001145,E001878,contract_mfg,170,notes
SV001146,E001226,contract_mfg,107,notes
SV001147,E000068,engineering,43,notes
SV001148,E001903,maintenance,160,notes
SV001149,E001229,maintenance,138,notes
SV001150,E000750,contract_mfg,110,notes
SV001151,E000116,maintenance,137,notes
SV001152,E000059,contract_mfg,20,notes
SV001153,E001955,maintenance,200,notes
SV001154,E001141,contract_mfg,129,notes
SV001155,E000546,contract_mfg,132,notes
SV001156,E001743,contract_mfg,49,notes
SV001157,E001411,engineering,114,notes
SV001158,E000313,maintenance,164,notes
SV001159,E001698,engineering,100,notes
SV001160,E000623,engineering,150,notes
SV001161,E001481,contract_mfg,73,notes
SV001162,E000174,maintenance,104,notes
SV001163,E001921,contract_mfg,141,notes
SV001164,E000533,maintenance,106,notes
SV001165,E000101,maintenance,66,notes
SV001166,E000277,contract_mfg,92,notes
SV001167,E001482,contract_mfg,56,notes
SV001168,E001166,maintenance,132,notes
SV001169,E000820,maintenance,126,notes
SV001170,E001710,engineering,41,notes
SV001171,E001236,maintenance,162,notes
SV001172,E000817,maintenance,88,notes
SV001173,E000986,contract_mfg,55,notes
SV001174,E000373,contract_mfg,170,notes
SV001175,E001433,maintenance,59,notes
SV001176,E000530,maintenance,77,notes
SV001177,E001200,engineering,145,notes
SV001178,E001783,contract_mfg,65,notes
SV001179,E001758,contract_mfg,107,notes
SV001180,E000984,maintenance,172,notes
SV001181,E001942,contract_mfg,169,notes
SV001182,E000251,engineering,158,notes
SV001183,E000664,contract_mfg,168,notes
SV001184,E001637,maintenance,46,notes
SV001185,E001351,maintenance,114,notes
SV001186,E001229,engineering,59,notes
SV001187,E001986,contract_mfg,141,notes
SV001188,E001326,maintenance,75,notes
SV001189,E000806,maintenance,84,notes
SV001190,E001415,contract_mfg,118,notes
SV001191,E000501,maintenance,167,notes
SV001192,E000798,engineering,62,notes
SV001193,E001000,engineering,9,notes
SV001194,E001298,contract_mfg,107,notes
SV001195,E000831,contract_mfg,137,notes
SV001196,E001500,engineering,177,notes
SV001197,E001087,contract_mfg,48,notes
SV001198,E000466,engineering,166,notes
SV001199,E000949,contract_mfg,70,notes
SV001200,E000396,engineering,38,notes
SV001201,E000793,maintenance,13,notes
SV001202,E000486,maintenance,176,notes
SV001203,E000961,engineering,66,notes
SV001204,E001888,engineering,115,notes
SV001205,E000324,contract_mfg,31,notes
SV001206,E001683,maintenance,145,notes
SV001207,E001483,maintenance,46,notes
SV001208,E000575,engineering,172,notes
SV001209,E000519,maintenance,138,notes
SV001210,E000515,contract_mfg,114,notes
SV001211,E001564,engineering,50,notes
SV001212,E000587,maintenance,86,notes
SV001213,E001705,maintenance,11,notes
SV001214,E000284,maintenance,76,notes
SV001215,E001090,contract_mfg,93,notes
SV001216,E001464,maintenance,155,notes
SV001217,E000482,engineering,66,notes
SV001218,E001961,contract_mfg,195,notes
SV001219,E001169,maintenance,28,notes
SV001220,E001255,maintenance,17,notes
SV001221,E000292,maintenance,144,notes
SV001222,E000624,contract_mfg,105,notes
SV001223,E001109,engineering,87,notes
SV001224,E001610,engineering,185,notes
SV001225,E001916,contract_mfg,71,notes
SV001226,E001938,engineering,51,notes
SV001227,E001554,maintenance,101,notes
SV001228,E000046,contract_mfg,63,notes
SV001229,E000932,contract_mfg,148,notes
SV001230,E000154,contract_mfg,143,notes
SV001231,E001722,contract_mfg,141,notes
SV001232,E001342,engineering,191,notes
SV001233,E001480,contract_mfg,32,notes
SV001234,E000410,engineering,127,notes
SV001235,E000139,maintenance,111,notes
SV001236,E000060,contract_mfg,5,notes
SV001237,E000388,engineering,65,notes
SV001238,E000940,engineering,3,notes
SV001239,E000513,engineering,123,notes
SV001240,E001924,contract_mfg,182,notes
SV001241,E001081,contract_mfg,76,notes
SV001242,E001847,engineering,148,notes
SV001243,E000796,engineering,161,notes
SV001244,E001710,maintenance,22,notes
SV001245,E001871,contract_mfg,96,notes
SV001246,E001891,contract_mfg,62,notes
SV001247,E001602,contract_mfg,83,notes
SV001248,E000812,maintenance,58,notes
SV001249,E001734,maintenance,155,notes
SV001250,E001299,maintenance,140,notes
SV001251,E000236,maintenance,144,notes
SV001252,E001614,contract_mfg,56,notes
SV001253,E001956,maintenance,78,notes
SV001254,E000599,engineering,170,notes
SV001255,E001338,engineering,54,notes
SV001256,E000469,maintenance,12,notes
SV001257,E000245,contract_mfg,131,notes
SV001258,E000648,contract_mfg,59,notes
SV001259,E000989,contract_mfg,133,notes
SV001260,E000196,contract_mfg,135,notes
SV001261,E001129,contract_mfg,9,notes
SV001262,E000597,engineering,200,notes
SV001263,E000093,contract_mfg,60,notes
SV001264,E001774,engineering,142,notes
SV001265,E000801,contract_mfg,23,notes
SV001266,E001738,contract_mfg,45,notes
SV001267,E000326,contract_mfg,181,notes
SV001268,E000844,maintenance,21,notes
SV001269,E000117,engineering,19,notes
SV001270,E001157,engineering,171,notes
SV001271,E000650,contract_mfg,44,notes
SV001272,E000408,maintenance,106,notes
SV001273,E001478,contract_mfg,85,notes
SV001274,E000815,engineering,29,notes
SV001275,E001935,contract_mfg,119,notes
SV001276,E000395,engineering,132,notes
SV001277,E001907,engineering,88,notes
SV001278,E001750,engineering,47,notes
SV001279,E001743,maintenance,48,notes
SV001280,E000016,maintenance,71,notes
SV001281,E000643,contract_mfg,113,notes
SV001282,E000208,maintenance,74,notes
SV001283,E001952,maintenance,90,notes
SV001284,E001296,contract_mfg,134,notes
SV001285,E000805,contract_mfg,52,notes
SV001286,E000507,engineering,5,notes
SV001287,E000088,contract_mfg,55,notes
SV001288,E001955,engineering,124,notes
SV001289,E000004,engineering,83,notes
SV001290,E000596,maintenance,173,notes
SV001291,E001239,engineering,74,notes
SV001292,E000395,engineering,172,notes
SV001293,E001855,maintenance,76,notes
SV001294,E000684,maintenance,92,notes
SV001295,E000706,maintenance,74,notes
SV001296,E000753,maintenance,106,notes
SV001297,E000707,maintenance,66,notes
SV001298,E000084,engineering,126,notes
SV001299,E000547,engineering,69,notes
SV001300,E001780,engineering,183,notes
SV001301,E001615,contract_mfg,194,notes
SV001302,E001789,maintenance,105,notes
SV001303,E001282,engineering,138,notes
SV001304,E001927,contract_mfg,121,notes
SV001305,E000817,contract_mfg,196,notes
SV001306,E000505,engineering,139,notes
SV001307,E000646,maintenance,195,notes
SV001308,E000678,maintenance,149,notes
SV001309,E000794,maintenance,7,notes
SV001310,E000143,maintenance,94,notes
SV001311,E000103,maintenance,162,notes
SV001312,E000542,maintenance,153,notes
SV001313,E000476,contract_mfg,166,notes
SV001314,E001341,maintenance,40,notes
SV001315,E000644,contract_mfg,70,notes
SV001316,E001910,engineering,115,notes
SV001317,E001758,contract_mfg,91,notes
SV001318,E001801,maintenance,178,notes
SV001319,E000509,maintenance,130,notes
SV001320,E000474,contract_mfg,155,notes
SV001321,E000985,engineering,98,notes
SV001322,E001014,maintenance,13,notes
SV001323,E001813,engineering,25,notes
SV001324,E001334,engineering,128,notes
SV001325,E000451,contract_mfg,28,notes
SV001326,E000727,engineering,26,notes
SV001327,E000532,maintenance,89,notes
SV001328,E001639,engineering,172,notes
SV001329,E000010,contract_mfg,55,notes
SV001330,E000194,maintenance,109,notes
SV001331,E000184,engineering,27,notes
SV001332,E000710,contract_mfg,182,notes
SV001333,E000198,maintenance,29,notes
SV001334,E001960,engineering,104,notes
SV001335,E000943,maintenance,4,notes
SV001336,E000625,engineering,38,notes
SV001337,E000397,engineering,84,notes
SV001338,E000133,engineering,44,notes
SV001339,E000667,contract_mfg,105,notes
SV001340,E001731,contract_mfg,165,notes
SV001341,E000509,contract_mfg,108,notes
SV001342,E000674,engineering,32,notes
SV001343,E001595,maintenance,117,notes
SV001344,E000281,contract_mfg,157,notes
SV001345,E000997,engineering,152,notes
SV001346,E001578,contract_mfg,184,notes
SV001347,E000808,maintenance,118,notes
SV001348,E000715,engineering,192,notes
SV001349,E001151,maintenance,129,notes
SV001350,E000990,contract_mfg,12,notes
SV001351,E000625,engineering,173,notes
SV001352,E001333,maintenance,48,notes
SV001353,E001050,maintenance,102,notes
SV001354,E000165,maintenance,133,notes
SV001355,E001327,engineering,20,notes
SV001356,E000145,maintenance,114,notes
SV001357,E001495,contract_mfg,119,notes
SV001358,E000285,maintenance,76,notes
SV001359,E001055,engineering,127,notes
SV001360,E000712,engineering,4,notes
SV001361,E000390,contract_mfg,73,notes
SV001362,E001003,engineering,51,notes
SV001363,E000467,maintenance,100,notes
SV001364,E000129,engineering,89,notes
SV001365,E001824,engineering,163,notes
SV001366,E000010,maintenance,121,notes
SV001367,E001986,maintenance,26,notes
SV001368,E000761,engineering,156,notes
SV001369,E000120,engineering,57,notes
SV001370,E000809,maintenance,6,notes
SV001371,E001256,engineering,61,notes
SV001372,E001411,contract_mfg,191,notes
SV001373,E001095,contract_mfg,182,notes
SV001374,E000199,maintenance,141,notes
SV001375,E000436,maintenance,54,notes
SV001376,E001829,contract_mfg,95,notes
SV001377,E000798,engineering,152,notes
SV001378,E000008,contract_mfg,129,notes
SV001379,E001742,contract_mfg,25,notes
SV001380,E001286,maintenance,133,notes
SV001381,E001090,maintenance,107,notes
SV001382,E000165,maintenance,64,notes
SV001383,E001944,maintenance,61,notes
SV001384,E000570,engineering,50,notes
SV001385,E000911,engineering,79,notes
SV001386,E000330,contract_mfg,169,notes
SV001387,E001590,maintenance,182,notes
SV001388,E001523,maintenance,191,notes
SV001389,E001447,contract_mfg,18,notes
SV001390,E001469,engineering,131,notes
SV001391,E000822,engineering,70,notes
SV001392,E001697,engineering,51,notes
SV001393,E000719,contract_mfg,144,notes
SV001394,E001379,maintenance,193,notes
SV001395,E000936,maintenance,137,notes
SV001396,E001511,maintenance,72,notes
SV001397,E001638,contract_mfg,136,notes
SV001398,E001098,maintenance,16,notes
SV001399,E001723,maintenance,9,notes
SV001400,E000559,contract_mfg,103,notes
SV001401,E000907,engineering,120,notes
SV001402,E001640,engineering,91,notes
SV001403,E001921,contract_mfg,23,notes
SV001404,E001824,contract_mfg,67,notes
SV001405,E001002,engineering,99,notes
SV001406,E001732,contract_mfg,104,notes
SV001407,E001196,engineering,153,notes
SV001408,E001100,engineering,143,notes
SV001409,E001085,contract_mfg,136,notes
SV001410,E001129,contract_mfg,169,notes
SV001411,E000549,engineering,167,notes
SV001412,E001100,engineering,77,notes
SV001413,E000544,engineering,93,notes
SV001414,E001472,maintenance,138,notes
SV001415,E000596,maintenance,68,notes
SV001416,E001891,maintenance,1,notes
SV001417,E001146,engineering,54,notes
SV001418,E000629,engineering,173,notes
SV001419,E001784,engineering,139,notes
SV001420,E000356,maintenance,141,notes
SV001421,E001454,engineering,198,notes
SV001422,E000652,maintenance,164,notes
SV001423,E001498,maintenance,177,notes
SV001424,E001092,maintenance,5,notes
SV001425,E000410,engineering,86,notes
SV001426,E001211,engineering,130,notes
SV001427,E001317,maintenance,25,notes
SV001428,E000268,engineering,36,notes
SV001429,E001263,engineering,190,notes
SV001430,E000165,engineering,144,notes
SV001431,E000996,engineering,55,notes
SV001432,E000976,engineering,194,notes
SV001433,E000546,contract_mfg,75,notes
SV001434,E001637,engineering,67,notes
SV001435,E000238,contract_mfg,161,notes
SV001436,E000621,maintenance,42,notes
SV001437,E001356,contract_mfg,27,notes
SV001438,E001826,maintenance,169,notes
SV001439,E000859,contract_mfg,104,notes
SV001440,E001708,contract_mfg,173,notes
SV001441,E001893,engineering,138,notes
SV001442,E000942,maintenance,55,notes
SV001443,E000010,maintenance,47,notes
SV001444,E001903,maintenance,169,notes
SV001445,E001837,engineering,72,notes
SV001446,E001695,maintenance,37,notes
SV001447,E000903,maintenance,147,notes
SV001448,E001823,contract_mfg,93,notes
SV001449,E000275,maintenance,143,notes
SV001450,E000120,contract_mfg,172,notes
SV001451,E001997,maintenance,185,notes
SV001452,E000381,maintenance,131,notes
SV001453,E000283,engineering,66,notes
SV001454,E000418,contract_mfg,47,notes
SV001455,E001968,engineering,40,notes
SV001456,E001482,maintenance,185,notes
SV001457,E001329,maintenance,167,notes
SV001458,E001931,contract_mfg,181,notes
SV001459,E001381,engineering,110,notes
SV001460,E000113,contract_mfg,10,notes
SV001461,E001087,contract_mfg,46,notes
SV001462,E000504,engineering,55,notes
SV001463,E000958,maintenance,38,notes
SV001464,E001403,engineering,8,notes
SV001465,E000297,contract_mfg,68,notes
SV001466,E000420,maintenance,198,notes
SV001467,E000215,maintenance,70,notes
SV001468,E000162,contract_mfg,158,notes
SV001469,E001199,maintenance,41,notes
SV001470,E000168,maintenance,131,notes
SV001471,E001205,contract_mfg,42,notes
SV001472,E000451,engineering,107,notes
SV001473,E000220,maintenance,147,notes
SV001474,E001160,engineering,103,notes
SV001475,E001726,engineering,45,notes
SV001476,E001775,maintenance,162,notes
SV001477,E000457,maintenance,101,notes
SV001478,E001335,contract_mfg,179,notes
SV001479,E001355,engineering,133,notes
SV001480,E000643,engineering,65,notes
SV001481,E001292,contract_mfg,109,notes
SV001482,E000501,engineering,177,notes
SV001483,E000672,maintenance,178,notes
SV001484,E000304,engineering,147,notes
SV001485,E001470,maintenance,77,notes
SV001486,E001204,maintenance,102,notes
SV001487,E001423,engineering,53,notes
SV001488,E000836,contract_mfg,144,notes
SV001489,E000612,contract_mfg,105,notes
SV001490,E000421,maintenance,103,notes
SV001491,E001022,engineering,190,notes
SV001492,E001072,contract_mfg,101,notes
SV001493,E000886,engineering,15,notes
SV001494,E000666,engineering,36,notes
SV001495,E000073,contract_mfg,135,notes
SV001496,E001530,engineering,181,notes
SV001497,E001594,contract_mfg,193,notes
SV001498,E000775,contract_mfg,64,notes
SV001499,E001291,engineering,187,notes
